latitude,longitude,elevation,utc_offset_seconds,timezone,timezone_abbreviation
39.0,35.0,1147.0,10800,Europe/Istanbul,GMT+3

time,temperature_2m (Â°C),relative_humidity_2m (%),rain (mm),snowfall (cm)
2025-02-23T00:00,-10.6,78,0.00,0.00
2025-02-23T01:00,-12.2,79,0.00,0.00
2025-02-23T02:00,-12.8,80,0.00,0.00
2025-02-23T03:00,-12.9,78,0.00,0.00
2025-02-23T04:00,-13.2,79,0.00,0.00
2025-02-23T05:00,-13.3,79,0.00,0.00
2025-02-23T06:00,-13.3,78,0.00,0.00
2025-02-23T07:00,-13.5,78,0.00,0.00
2025-02-23T08:00,-12.9,78,0.00,0.00
2025-02-23T09:00,-10.7,74,0.00,0.00
2025-02-23T10:00,-9.6,68,0.00,0.00
2025-02-23T11:00,-8.5,59,0.00,0.00
2025-02-23T12:00,-7.7,56,0.00,0.00
2025-02-23T13:00,-6.9,51,0.00,0.00
2025-02-23T14:00,-6.6,52,0.10,0.00
2025-02-23T15:00,-6.5,52,0.00,0.00
2025-02-23T16:00,-6.5,52,0.00,0.07
2025-02-23T17:00,-6.7,54,0.00,0.00
2025-02-23T18:00,-7.9,64,0.00,0.00
2025-02-23T19:00,-8.8,70,0.00,0.00
2025-02-23T20:00,-8.6,72,0.00,0.00
2025-02-23T21:00,-9.4,73,0.00,0.00
2025-02-23T22:00,-11.4,72,0.00,0.00
2025-02-23T23:00,-12.0,73,0.00,0.00
2025-02-24T00:00,-12.4,73,0.00,0.00
2025-02-24T01:00,-12.4,71,0.00,0.00
2025-02-24T02:00,-12.5,72,0.00,0.00
2025-02-24T03:00,-12.7,74,0.00,0.00
2025-02-24T04:00,-12.9,76,0.00,0.00
2025-02-24T05:00,-13.1,78,0.00,0.00
2025-02-24T06:00,-13.2,81,0.00,0.00
2025-02-24T07:00,-13.3,82,0.00,0.00
2025-02-24T08:00,-12.9,84,0.00,0.00
2025-02-24T09:00,-10.7,77,0.00,0.00
2025-02-24T10:00,-9.8,68,0.00,0.00
2025-02-24T11:00,-8.9,63,0.00,0.00
2025-02-24T12:00,-8.0,59,0.00,0.00
2025-02-24T13:00,-7.4,56,0.00,0.00
2025-02-24T14:00,-7.2,49,0.00,0.00
2025-02-24T15:00,-6.6,43,0.00,0.00
2025-02-24T16:00,-5.8,47,0.00,0.00
2025-02-24T17:00,-5.8,54,0.00,0.00
2025-02-24T18:00,-7.5,62,0.00,0.00
2025-02-24T19:00,-8.8,65,0.00,0.00
2025-02-24T20:00,-9.2,67,0.00,0.00
2025-02-24T21:00,-9.2,68,0.00,0.00
2025-02-24T22:00,-9.5,71,0.00,0.00
2025-02-24T23:00,-9.7,72,0.00,0.00
2025-02-25T00:00,-10.0,73,0.00,0.00
2025-02-25T01:00,-10.5,76,0.00,0.00
2025-02-25T02:00,-10.8,77,0.00,0.00
2025-02-25T03:00,-11.5,78,0.00,0.00
2025-02-25T04:00,-12.0,79,0.00,0.00
2025-02-25T05:00,-12.0,78,0.00,0.00
2025-02-25T06:00,-12.1,78,0.00,0.00
2025-02-25T07:00,-12.3,78,0.00,0.00
2025-02-25T08:00,-11.8,78,0.00,0.00
2025-02-25T09:00,-10.0,71,0.00,0.00
2025-02-25T10:00,-8.3,65,0.00,0.00
2025-02-25T11:00,-6.6,59,0.00,0.00
2025-02-25T12:00,-5.0,53,0.00,0.00
2025-02-25T13:00,-3.4,45,0.00,0.00
2025-02-25T14:00,-2.2,41,0.00,0.00
2025-02-25T15:00,-1.8,45,0.00,0.00
2025-02-25T16:00,-1.3,48,0.00,0.00
2025-02-25T17:00,-2.0,54,0.00,0.00
2025-02-25T18:00,-4.7,63,0.00,0.00
2025-02-25T19:00,-6.3,64,0.00,0.00
2025-02-25T20:00,-6.1,63,0.00,0.00
2025-02-25T21:00,-6.3,66,0.00,0.00
2025-02-25T22:00,-6.5,68,0.00,0.00
2025-02-25T23:00,-6.8,68,0.00,0.00
2025-02-26T00:00,-7.1,70,0.00,0.00
2025-02-26T01:00,-7.3,71,0.00,0.00
2025-02-26T02:00,-7.5,72,0.00,0.00
2025-02-26T03:00,-7.0,73,0.00,0.00
2025-02-26T04:00,-6.9,72,0.00,0.00
2025-02-26T05:00,-6.9,71,0.00,0.00
2025-02-26T06:00,-7.4,72,0.00,0.00
2025-02-26T07:00,-7.7,73,0.00,0.00
2025-02-26T08:00,-6.7,74,0.00,0.00
2025-02-26T09:00,-4.8,75,0.00,0.00
2025-02-26T10:00,-3.2,76,0.00,0.00
2025-02-26T11:00,-1.6,75,0.00,0.00
2025-02-26T12:00,-0.6,75,0.00,0.00
2025-02-26T13:00,-0.1,73,0.00,0.00
2025-02-26T14:00,0.2,77,0.00,0.00
2025-02-26T15:00,0.5,82,0.00,0.07
2025-02-26T16:00,1.2,71,0.00,0.00
2025-02-26T17:00,1.2,67,0.00,0.00
2025-02-26T18:00,-0.8,73,0.00,0.00
2025-02-26T19:00,-1.9,77,0.00,0.00
2025-02-26T20:00,-2.3,80,0.00,0.00
2025-02-26T21:00,-2.8,82,0.00,0.00
2025-02-26T22:00,-3.1,84,0.00,0.00
2025-02-26T23:00,-3.3,84,0.00,0.00
2025-02-27T00:00,-3.4,84,0.00,0.00
2025-02-27T01:00,-3.6,84,0.00,0.00
2025-02-27T02:00,-3.7,84,0.00,0.00
2025-02-27T03:00,-4.2,83,0.00,0.00
2025-02-27T04:00,-4.5,83,0.00,0.00
2025-02-27T05:00,-4.7,83,0.00,0.00
2025-02-27T06:00,-4.8,82,0.00,0.00
2025-02-27T07:00,-4.9,83,0.00,0.00
2025-02-27T08:00,-4.4,83,0.00,0.00
2025-02-27T09:00,-2.3,79,0.00,0.00
2025-02-27T10:00,-0.5,73,0.00,0.00
2025-02-27T11:00,0.7,70,0.00,0.00
2025-02-27T12:00,2.1,65,0.00,0.00
2025-02-27T13:00,3.0,62,0.00,0.00
2025-02-27T14:00,3.7,59,0.00,0.00
2025-02-27T15:00,4.5,57,0.00,0.00
2025-02-27T16:00,4.6,59,0.00,0.00
2025-02-27T17:00,3.6,69,0.00,0.00
2025-02-27T18:00,2.1,71,0.00,0.00
2025-02-27T19:00,1.2,73,0.00,0.00
2025-02-27T20:00,1.1,74,0.00,0.00
2025-02-27T21:00,-0.3,77,0.00,0.00
2025-02-27T22:00,-0.3,77,0.00,0.00
2025-02-27T23:00,-0.4,77,0.00,0.00
2025-02-28T00:00,-0.8,77,0.00,0.00
2025-02-28T01:00,-1.1,78,0.00,0.00
2025-02-28T02:00,-1.6,79,0.00,0.00
2025-02-28T03:00,-2.9,85,0.00,0.00
2025-02-28T04:00,-2.7,85,0.00,0.00
2025-02-28T05:00,-2.7,85,0.00,0.00
2025-02-28T06:00,-2.4,83,0.00,0.00
2025-02-28T07:00,-2.2,82,0.00,0.00
2025-02-28T08:00,-1.6,80,0.00,0.00
2025-02-28T09:00,-0.5,73,0.00,0.00
2025-02-28T10:00,0.6,70,0.00,0.00
2025-02-28T11:00,1.4,67,0.00,0.00
2025-02-28T12:00,2.2,64,0.00,0.00
2025-02-28T13:00,2.9,61,0.00,0.00
2025-02-28T14:00,3.5,59,0.00,0.00
2025-02-28T15:00,4.4,60,0.00,0.00
2025-02-28T16:00,4.1,67,0.00,0.00
2025-02-28T17:00,2.5,90,0.00,0.00
2025-02-28T18:00,1.5,97,0.00,0.00
2025-02-28T19:00,0.8,98,0.20,0.00
2025-02-28T20:00,0.5,99,0.30,0.00
2025-02-28T21:00,0.5,99,0.20,0.14
2025-02-28T22:00,0.8,98,0.20,0.00
2025-02-28T23:00,1.3,91,0.10,0.00
2025-03-01T00:00,1.0,93,0.00,0.00
2025-03-01T01:00,0.0,92,0.00,0.00
2025-03-01T02:00,-0.1,90,0.00,0.00
2025-03-01T03:00,-1.3,93,0.00,0.00
2025-03-01T04:00,-1.8,95,0.00,0.00
2025-03-01T05:00,-1.7,95,0.00,0.00
2025-03-01T06:00,-1.6,96,0.00,0.00
2025-03-01T07:00,-1.6,96,0.00,0.00
2025-03-01T08:00,-1.1,96,0.00,0.00
2025-03-01T09:00,0.4,89,0.00,0.00
2025-03-01T10:00,1.1,85,0.00,0.00
2025-03-01T11:00,1.8,83,0.00,0.00
2025-03-01T12:00,2.4,78,0.00,0.00
2025-03-01T13:00,2.7,72,0.00,0.00
2025-03-01T14:00,3.3,66,0.00,0.00
2025-03-01T15:00,4.7,61,0.00,0.00
2025-03-01T16:00,5.3,59,0.00,0.00
2025-03-01T17:00,4.7,69,0.00,0.00
2025-03-01T18:00,2.4,70,0.00,0.00
2025-03-01T19:00,1.8,72,0.00,0.00
2025-03-01T20:00,1.2,78,0.00,0.00
2025-03-01T21:00,1.2,78,0.00,0.00
2025-03-01T22:00,1.0,78,0.00,0.00
2025-03-01T23:00,0.9,78,0.00,0.00
2025-03-02T00:00,0.9,78,0.00,0.00
2025-03-02T01:00,0.8,78,0.00,0.00
2025-03-02T02:00,0.5,79,0.00,0.00
2025-03-02T03:00,-0.9,85,0.00,0.00
2025-03-02T04:00,-1.1,86,0.00,0.00
2025-03-02T05:00,-1.2,86,0.00,0.00
2025-03-02T06:00,-1.3,87,0.00,0.00
2025-03-02T07:00,-1.4,87,0.00,0.00
2025-03-02T08:00,-0.7,84,0.00,0.00
2025-03-02T09:00,1.0,78,0.00,0.00
2025-03-02T10:00,2.6,72,0.00,0.00
2025-03-02T11:00,4.3,64,0.00,0.00
2025-03-02T12:00,5.8,59,0.00,0.00
2025-03-02T13:00,6.7,56,0.00,0.00
2025-03-02T14:00,7.4,55,0.00,0.00
2025-03-02T15:00,8.3,54,0.00,0.00
2025-03-02T16:00,8.5,58,0.00,0.00
2025-03-02T17:00,7.1,65,0.00,0.00
2025-03-02T18:00,5.6,65,0.00,0.00
2025-03-02T19:00,4.0,70,0.00,0.00
2025-03-02T20:00,3.8,71,0.00,0.00
2025-03-02T21:00,3.7,72,0.00,0.00
2025-03-02T22:00,3.5,73,0.00,0.00
2025-03-02T23:00,3.5,72,0.00,0.00
2025-03-03T00:00,3.3,73,0.00,0.00
2025-03-03T01:00,2.9,75,0.00,0.00
2025-03-03T02:00,2.9,76,0.00,0.00
2025-03-03T03:00,2.2,81,0.00,0.00
2025-03-03T04:00,2.0,84,0.00,0.00
2025-03-03T05:00,1.9,91,0.50,0.00
2025-03-03T06:00,1.7,96,0.50,0.00
2025-03-03T07:00,1.1,99,1.60,0.14
2025-03-03T08:00,0.9,99,0.70,0.14
2025-03-03T09:00,1.1,99,0.20,0.00
2025-03-03T10:00,1.0,100,0.70,0.21
2025-03-03T11:00,1.3,99,0.90,0.00
2025-03-03T12:00,1.8,100,0.40,0.00
2025-03-03T13:00,1.5,100,0.50,0.07
2025-03-03T14:00,1.9,100,0.30,0.00
2025-03-03T15:00,1.8,100,0.50,0.00
2025-03-03T16:00,1.3,100,0.10,0.07
2025-03-03T17:00,1.6,100,0.00,0.00
2025-03-03T18:00,1.3,100,0.00,0.00
2025-03-03T19:00,0.4,98,0.00,0.00
2025-03-03T20:00,0.7,99,0.00,0.00
2025-03-03T21:00,0.7,99,0.00,0.00
2025-03-03T22:00,0.1,99,0.00,0.00
2025-03-03T23:00,-0.2,98,0.00,0.00
2025-03-04T00:00,-0.0,95,0.00,0.00
2025-03-04T01:00,-0.7,95,0.00,0.00
2025-03-04T02:00,-1.7,98,0.00,0.00
2025-03-04T03:00,-2.4,95,0.00,0.00
2025-03-04T04:00,-3.5,95,0.00,0.00
2025-03-04T05:00,-3.6,93,0.00,0.00
2025-03-04T06:00,-3.8,92,0.00,0.00
2025-03-04T07:00,-4.3,93,0.00,0.00
2025-03-04T08:00,-4.0,91,0.00,0.00
2025-03-04T09:00,-2.8,86,0.00,0.00
2025-03-04T10:00,-1.6,82,0.00,0.00
2025-03-04T11:00,-0.4,77,0.00,0.00
2025-03-04T12:00,0.8,73,0.00,0.00
2025-03-04T13:00,1.7,71,0.00,0.00
2025-03-04T14:00,2.4,71,0.00,0.00
2025-03-04T15:00,2.9,73,0.00,0.00
2025-03-04T16:00,2.7,76,0.00,0.00
2025-03-04T17:00,1.9,82,0.00,0.00
2025-03-04T18:00,0.3,90,0.00,0.00
2025-03-04T19:00,-1.1,90,0.00,0.00
2025-03-04T20:00,-1.1,89,0.00,0.00
2025-03-04T21:00,-1.4,89,0.00,0.00
2025-03-04T22:00,-1.4,89,0.00,0.00
2025-03-04T23:00,-1.5,90,0.00,0.00
2025-03-05T00:00,-1.6,90,0.00,0.00
2025-03-05T01:00,-1.7,91,0.00,0.00
2025-03-05T02:00,-1.8,91,0.00,0.00
2025-03-05T03:00,-1.3,91,0.00,0.00
2025-03-05T04:00,-1.3,91,0.00,0.00
2025-03-05T05:00,-1.4,91,0.00,0.00
2025-03-05T06:00,-1.5,91,0.00,0.00
2025-03-05T07:00,-1.5,90,0.00,0.00
2025-03-05T08:00,-0.8,87,0.00,0.00
2025-03-05T09:00,1.3,79,0.00,0.00
2025-03-05T10:00,2.8,72,0.00,0.00
2025-03-05T11:00,4.0,64,0.00,0.00
2025-03-05T12:00,6.0,59,0.00,0.00
2025-03-05T13:00,7.5,55,0.00,0.00
2025-03-05T14:00,8.3,53,0.00,0.00
2025-03-05T15:00,9.4,50,0.00,0.00
2025-03-05T16:00,9.9,51,0.00,0.00
2025-03-05T17:00,9.2,55,0.00,0.00
2025-03-05T18:00,7.6,60,0.00,0.00
2025-03-05T19:00,5.3,71,0.00,0.00
2025-03-05T20:00,4.4,76,0.00,0.00
2025-03-05T21:00,3.5,80,0.00,0.00
2025-03-05T22:00,2.8,82,0.00,0.00
2025-03-05T23:00,2.1,85,0.00,0.00
2025-03-06T00:00,1.7,86,0.00,0.00
2025-03-06T01:00,1.1,88,0.00,0.00
2025-03-06T02:00,1.2,88,0.00,0.00
2025-03-06T03:00,1.0,89,0.00,0.00
2025-03-06T04:00,0.4,90,0.00,0.00
2025-03-06T05:00,0.7,88,0.00,0.00
2025-03-06T06:00,0.3,89,0.00,0.00
2025-03-06T07:00,0.1,89,0.00,0.00
2025-03-06T08:00,1.4,82,0.00,0.00
2025-03-06T09:00,3.3,67,0.00,0.00
2025-03-06T10:00,4.9,54,0.00,0.00
2025-03-06T11:00,6.7,45,0.00,0.00
2025-03-06T12:00,8.3,38,0.00,0.00
2025-03-06T13:00,9.9,32,0.00,0.00
2025-03-06T14:00,11.5,27,0.00,0.00
2025-03-06T15:00,12.3,26,0.00,0.00
2025-03-06T16:00,12.1,27,0.00,0.00
2025-03-06T17:00,10.9,33,0.00,0.00
2025-03-06T18:00,8.9,41,0.00,0.00
2025-03-06T19:00,6.6,47,0.00,0.00
2025-03-06T20:00,5.6,50,0.00,0.00
2025-03-06T21:00,5.0,52,0.00,0.00
2025-03-06T22:00,4.4,54,0.00,0.00
2025-03-06T23:00,3.9,55,0.00,0.00
2025-03-07T00:00,3.3,56,0.00,0.00
2025-03-07T01:00,2.8,57,0.00,0.00
2025-03-07T02:00,2.4,57,0.00,0.00
2025-03-07T03:00,1.5,60,0.00,0.00
2025-03-07T04:00,1.5,58,0.00,0.00
2025-03-07T05:00,1.0,61,0.00,0.00
2025-03-07T06:00,0.5,63,0.00,0.00
2025-03-07T07:00,0.8,60,0.00,0.00
2025-03-07T08:00,2.0,57,0.00,0.00
2025-03-07T09:00,3.5,50,0.00,0.00
2025-03-07T10:00,5.0,44,0.00,0.00
2025-03-07T11:00,6.5,40,0.00,0.00
2025-03-07T12:00,8.0,37,0.00,0.00
2025-03-07T13:00,9.2,34,0.00,0.00
2025-03-07T14:00,10.4,30,0.00,0.00
2025-03-07T15:00,11.6,28,0.00,0.00
2025-03-07T16:00,11.6,28,0.00,0.00
2025-03-07T17:00,11.1,31,0.00,0.00
2025-03-07T18:00,9.0,43,0.00,0.00
2025-03-07T19:00,6.2,52,0.00,0.00
2025-03-07T20:00,5.2,55,0.00,0.00
2025-03-07T21:00,4.5,58,0.00,0.00
2025-03-07T22:00,3.7,60,0.00,0.00
2025-03-07T23:00,3.0,61,0.00,0.00
2025-03-08T00:00,2.1,61,0.00,0.00
2025-03-08T01:00,1.8,61,0.00,0.00
2025-03-08T02:00,1.6,61,0.00,0.00
2025-03-08T03:00,1.4,62,0.00,0.00
2025-03-08T04:00,1.4,61,0.00,0.00
2025-03-08T05:00,1.3,61,0.00,0.00
2025-03-08T06:00,1.4,62,0.00,0.00
2025-03-08T07:00,1.5,61,0.00,0.00
2025-03-08T08:00,2.6,59,0.00,0.00
2025-03-08T09:00,4.1,51,0.00,0.00
2025-03-08T10:00,5.4,48,0.00,0.00
2025-03-08T11:00,6.8,47,0.00,0.00
2025-03-08T12:00,8.1,45,0.00,0.00
2025-03-08T13:00,9.2,44,0.00,0.00
2025-03-08T14:00,10.1,42,0.00,0.00
2025-03-08T15:00,11.1,42,0.00,0.00
2025-03-08T16:00,11.4,41,0.00,0.00
2025-03-08T17:00,11.4,42,0.00,0.00
2025-03-08T18:00,10.2,52,0.00,0.00
2025-03-08T19:00,11.0,44,0.00,0.00
2025-03-08T20:00,9.2,48,0.00,0.00
2025-03-08T21:00,7.4,51,0.00,0.00
2025-03-08T22:00,6.0,57,0.00,0.00
2025-03-08T23:00,4.7,61,0.00,0.00
2025-03-09T00:00,4.1,62,0.00,0.00
2025-03-09T01:00,3.1,65,0.00,0.00
2025-03-09T02:00,2.3,68,0.00,0.00
2025-03-09T03:00,1.3,74,0.00,0.00
2025-03-09T04:00,1.0,76,0.00,0.00
2025-03-09T05:00,0.9,77,0.00,0.00
2025-03-09T06:00,0.8,77,0.00,0.00
2025-03-09T07:00,0.7,77,0.00,0.00
2025-03-09T08:00,1.1,76,0.00,0.00
2025-03-09T09:00,4.2,67,0.00,0.00
2025-03-09T10:00,8.5,50,0.00,0.00
2025-03-09T11:00,11.6,42,0.00,0.00
2025-03-09T12:00,13.8,34,0.00,0.00
2025-03-09T13:00,15.1,29,0.00,0.00
2025-03-09T14:00,15.8,27,0.00,0.00
2025-03-09T15:00,16.4,20,0.00,0.00
2025-03-09T16:00,16.3,20,0.00,0.00
2025-03-09T17:00,16.0,19,0.00,0.00
2025-03-09T18:00,14.9,24,0.00,0.00
2025-03-09T19:00,12.4,35,0.00,0.00
2025-03-09T20:00,10.2,43,0.00,0.00
2025-03-09T21:00,8.4,51,0.00,0.00
2025-03-09T22:00,6.7,58,0.00,0.00
2025-03-09T23:00,5.2,62,0.00,0.00
2025-03-10T00:00,4.0,65,0.00,0.00
2025-03-10T01:00,3.7,65,0.00,0.00
2025-03-10T02:00,3.4,67,0.00,0.00
2025-03-10T03:00,2.6,75,0.00,0.00
2025-03-10T04:00,2.1,83,0.00,0.00
2025-03-10T05:00,2.1,86,0.00,0.00
2025-03-10T06:00,2.1,86,0.00,0.00
2025-03-10T07:00,1.9,87,0.00,0.00
2025-03-10T08:00,2.2,84,0.00,0.00
2025-03-10T09:00,5.6,69,0.00,0.00
2025-03-10T10:00,10.2,51,0.00,0.00
2025-03-10T11:00,13.4,40,0.00,0.00
2025-03-10T12:00,15.5,31,0.00,0.00
2025-03-10T13:00,16.6,29,0.00,0.00
2025-03-10T14:00,17.0,28,0.00,0.00
2025-03-10T15:00,17.6,24,0.00,0.00
2025-03-10T16:00,17.4,24,0.00,0.00
2025-03-10T17:00,16.9,24,0.00,0.00
2025-03-10T18:00,15.9,27,0.00,0.00
2025-03-10T19:00,13.7,35,0.00,0.00
2025-03-10T20:00,11.2,41,0.00,0.00
2025-03-10T21:00,9.3,46,0.00,0.00
2025-03-10T22:00,7.9,50,0.00,0.00
2025-03-10T23:00,6.8,54,0.00,0.00
2025-03-11T00:00,6.0,57,0.00,0.00
2025-03-11T01:00,4.8,62,0.00,0.00
2025-03-11T02:00,3.7,67,0.00,0.00
2025-03-11T03:00,2.9,72,0.00,0.00
2025-03-11T04:00,2.7,72,0.00,0.00
2025-03-11T05:00,2.5,73,0.00,0.00
2025-03-11T06:00,2.6,74,0.00,0.00
2025-03-11T07:00,2.5,76,0.00,0.00
2025-03-11T08:00,3.4,75,0.00,0.00
2025-03-11T09:00,6.6,63,0.00,0.00
2025-03-11T10:00,10.9,49,0.00,0.00
2025-03-11T11:00,14.0,38,0.00,0.00
2025-03-11T12:00,16.3,31,0.00,0.00
2025-03-11T13:00,17.7,27,0.00,0.00
2025-03-11T14:00,18.3,25,0.00,0.00
2025-03-11T15:00,18.7,22,0.00,0.00
2025-03-11T16:00,18.6,22,0.00,0.00
2025-03-11T17:00,18.2,25,0.00,0.00
2025-03-11T18:00,17.4,27,0.00,0.00
2025-03-11T19:00,14.8,35,0.00,0.00
2025-03-11T20:00,11.9,43,0.00,0.00
2025-03-11T21:00,9.9,51,0.00,0.00
2025-03-11T22:00,8.2,57,0.00,0.00
2025-03-11T23:00,7.7,56,0.00,0.00
2025-03-12T00:00,7.5,62,0.00,0.00
2025-03-12T01:00,7.0,69,0.00,0.00
2025-03-12T02:00,6.5,71,0.00,0.00
2025-03-12T03:00,5.5,75,0.00,0.00
2025-03-12T04:00,5.0,77,0.00,0.00
2025-03-12T05:00,4.8,76,0.00,0.00
2025-03-12T06:00,4.4,77,0.00,0.00
2025-03-12T07:00,4.0,80,0.00,0.00
2025-03-12T08:00,4.6,78,0.00,0.00
2025-03-12T09:00,8.2,65,0.00,0.00
2025-03-12T10:00,12.1,50,0.00,0.00
2025-03-12T11:00,14.8,40,0.00,0.00
2025-03-12T12:00,16.8,32,0.00,0.00
2025-03-12T13:00,18.1,29,0.00,0.00
2025-03-12T14:00,19.0,26,0.00,0.00
2025-03-12T15:00,19.5,20,0.00,0.00
2025-03-12T16:00,19.5,21,0.00,0.00
2025-03-12T17:00,19.2,21,0.00,0.00
2025-03-12T18:00,18.2,25,0.00,0.00
2025-03-12T19:00,15.9,34,0.00,0.00
2025-03-12T20:00,12.7,43,0.00,0.00
2025-03-12T21:00,11.1,51,0.00,0.00
2025-03-12T22:00,8.8,60,0.00,0.00
2025-03-12T23:00,8.4,59,0.00,0.00
2025-03-13T00:00,8.2,60,0.00,0.00
2025-03-13T01:00,8.0,62,0.00,0.00
2025-03-13T02:00,7.6,63,0.00,0.00
2025-03-13T03:00,6.5,63,0.00,0.00
2025-03-13T04:00,5.9,64,0.00,0.00
2025-03-13T05:00,5.5,62,0.00,0.00
2025-03-13T06:00,4.9,61,0.00,0.00
2025-03-13T07:00,4.4,61,0.00,0.00
2025-03-13T08:00,4.9,58,0.00,0.00
2025-03-13T09:00,8.7,52,0.00,0.00
2025-03-13T10:00,12.8,35,0.00,0.00
2025-03-13T11:00,15.2,27,0.00,0.00
2025-03-13T12:00,17.1,24,0.00,0.00
2025-03-13T13:00,19.0,20,0.00,0.00
2025-03-13T14:00,20.0,18,0.00,0.00
2025-03-13T15:00,20.5,16,0.00,0.00
2025-03-13T16:00,20.5,17,0.00,0.00
2025-03-13T17:00,20.1,13,0.00,0.00
2025-03-13T18:00,19.2,14,0.00,0.00
2025-03-13T19:00,16.4,21,0.00,0.00
2025-03-13T20:00,13.9,31,0.00,0.00
2025-03-13T21:00,12.1,35,0.00,0.00
2025-03-13T22:00,10.2,38,0.00,0.00
2025-03-13T23:00,10.5,39,0.00,0.00
2025-03-14T00:00,10.9,48,0.00,0.00
2025-03-14T01:00,10.5,50,0.00,0.00
2025-03-14T02:00,10.1,52,0.00,0.00
2025-03-14T03:00,9.3,56,0.00,0.00
2025-03-14T04:00,8.3,61,0.00,0.00
2025-03-14T05:00,7.9,62,0.00,0.00
2025-03-14T06:00,7.8,63,0.00,0.00
2025-03-14T07:00,7.6,65,0.00,0.00
2025-03-14T08:00,8.6,62,0.00,0.00
2025-03-14T09:00,12.0,51,0.00,0.00
2025-03-14T10:00,15.1,38,0.00,0.00
2025-03-14T11:00,17.2,32,0.00,0.00
2025-03-14T12:00,18.7,28,0.00,0.00
2025-03-14T13:00,19.7,25,0.00,0.00
2025-03-14T14:00,20.3,23,0.00,0.00
2025-03-14T15:00,20.9,18,0.00,0.00
2025-03-14T16:00,20.8,18,0.00,0.00
2025-03-14T17:00,20.4,17,0.00,0.00
2025-03-14T18:00,19.7,19,0.00,0.00
2025-03-14T19:00,17.4,29,0.00,0.00
2025-03-14T20:00,16.3,29,0.00,0.00
2025-03-14T21:00,15.1,31,0.00,0.00
2025-03-14T22:00,13.0,35,0.00,0.00
2025-03-14T23:00,11.3,39,0.00,0.00
2025-03-15T00:00,10.7,41,0.00,0.00
2025-03-15T01:00,9.8,43,0.00,0.00
2025-03-15T02:00,8.9,46,0.00,0.00
2025-03-15T03:00,8.1,52,0.00,0.00
2025-03-15T04:00,7.6,54,0.00,0.00
2025-03-15T05:00,7.3,56,0.00,0.00
2025-03-15T06:00,6.7,59,0.00,0.00
2025-03-15T07:00,6.5,59,0.00,0.00
2025-03-15T08:00,7.6,56,0.00,0.00
2025-03-15T09:00,11.8,47,0.00,0.00
2025-03-15T10:00,15.8,33,0.00,0.00
2025-03-15T11:00,18.5,27,0.00,0.00
2025-03-15T12:00,20.5,25,0.00,0.00
2025-03-15T13:00,21.6,22,0.00,0.00
2025-03-15T14:00,22.3,22,0.00,0.00
2025-03-15T15:00,22.6,22,0.00,0.00
2025-03-15T16:00,22.7,22,0.00,0.00
2025-03-15T17:00,22.2,23,0.00,0.00
2025-03-15T18:00,21.3,26,0.00,0.00
2025-03-15T19:00,18.0,33,0.00,0.00
2025-03-15T20:00,15.2,39,0.00,0.00
2025-03-15T21:00,13.8,42,0.00,0.00
2025-03-15T22:00,12.1,43,0.00,0.00
2025-03-15T23:00,11.0,43,0.00,0.00
2025-03-16T00:00,10.1,47,0.00,0.00
2025-03-16T01:00,9.4,48,0.00,0.00
2025-03-16T02:00,9.2,47,0.00,0.00
2025-03-16T03:00,7.8,53,0.00,0.00
2025-03-16T04:00,7.5,53,0.00,0.00
2025-03-16T05:00,7.2,54,0.00,0.00
2025-03-16T06:00,7.0,55,0.00,0.00
2025-03-16T07:00,7.0,55,0.00,0.00
2025-03-16T08:00,8.9,50,0.00,0.00
2025-03-16T09:00,13.8,37,0.00,0.00
2025-03-16T10:00,17.4,28,0.00,0.00
2025-03-16T11:00,20.1,23,0.00,0.00
2025-03-16T12:00,21.2,24,0.00,0.00
2025-03-16T13:00,23.1,19,0.00,0.00
2025-03-16T14:00,24.1,17,0.00,0.00
2025-03-16T15:00,25.0,16,0.00,0.00
2025-03-16T16:00,25.1,15,0.00,0.00
2025-03-16T17:00,24.5,15,0.00,0.00
2025-03-16T18:00,23.3,16,0.00,0.00
2025-03-16T19:00,20.5,20,0.00,0.00
2025-03-16T20:00,18.4,23,0.00,0.00
2025-03-16T21:00,17.1,26,0.00,0.00
2025-03-16T22:00,15.5,30,0.00,0.00
2025-03-16T23:00,15.9,27,0.00,0.00
2025-03-17T00:00,15.6,32,0.00,0.00
2025-03-17T01:00,16.1,30,0.00,0.00
2025-03-17T02:00,17.5,25,0.00,0.00
2025-03-17T03:00,16.7,28,0.00,0.00
2025-03-17T04:00,16.1,29,0.00,0.00
2025-03-17T05:00,15.3,44,0.00,0.00
2025-03-17T06:00,14.4,45,0.00,0.00
2025-03-17T07:00,13.9,43,0.00,0.00
2025-03-17T08:00,14.3,41,0.00,0.00
2025-03-17T09:00,17.0,33,0.00,0.00
2025-03-17T10:00,19.3,25,0.00,0.00
2025-03-17T11:00,21.2,22,0.00,0.00
2025-03-17T12:00,22.4,21,0.00,0.00
2025-03-17T13:00,23.4,18,0.00,0.00
2025-03-17T14:00,23.7,16,0.00,0.00
2025-03-17T15:00,22.8,19,0.00,0.00
2025-03-17T16:00,21.2,24,0.00,0.00
2025-03-17T17:00,19.8,29,0.00,0.00
2025-03-17T18:00,19.3,31,0.00,0.00
2025-03-17T19:00,17.7,38,0.00,0.00
2025-03-17T20:00,16.6,45,0.00,0.00
2025-03-17T21:00,15.6,45,0.00,0.00
2025-03-17T22:00,15.0,47,0.00,0.00
2025-03-17T23:00,14.3,51,0.00,0.00
2025-03-18T00:00,14.1,53,0.00,0.00
2025-03-18T01:00,13.7,52,0.00,0.00
2025-03-18T02:00,13.9,45,0.00,0.00
2025-03-18T03:00,13.5,37,0.00,0.00
2025-03-18T04:00,12.7,38,0.00,0.00
2025-03-18T05:00,11.0,42,0.00,0.00
2025-03-18T06:00,10.6,41,0.00,0.00
2025-03-18T07:00,9.5,46,0.00,0.00
2025-03-18T08:00,9.4,56,0.00,0.00
2025-03-18T09:00,10.4,51,0.00,0.00
2025-03-18T10:00,11.5,46,0.00,0.00
2025-03-18T11:00,12.7,40,0.00,0.00
2025-03-18T12:00,13.7,35,0.00,0.00
2025-03-18T13:00,14.5,31,0.00,0.00
2025-03-18T14:00,15.0,30,0.00,0.00
2025-03-18T15:00,15.3,31,0.00,0.00
2025-03-18T16:00,15.2,32,0.00,0.00
2025-03-18T17:00,14.6,33,0.00,0.00
2025-03-18T18:00,13.6,33,0.00,0.00
2025-03-18T19:00,12.1,30,0.00,0.00
2025-03-18T20:00,10.7,29,0.00,0.00
2025-03-18T21:00,9.9,36,0.00,0.00
2025-03-18T22:00,8.6,50,0.00,0.00
2025-03-18T23:00,8.1,53,0.00,0.00
2025-03-19T00:00,7.5,66,0.00,0.00
2025-03-19T01:00,6.9,72,0.00,0.00
2025-03-19T02:00,6.1,76,0.00,0.00
2025-03-19T03:00,4.7,74,0.00,0.00
2025-03-19T04:00,4.1,72,0.00,0.00
2025-03-19T05:00,3.4,75,0.00,0.00
2025-03-19T06:00,2.7,77,0.00,0.00
2025-03-19T07:00,2.7,74,0.00,0.00
2025-03-19T08:00,2.9,69,0.00,0.00
2025-03-19T09:00,1.1,80,0.00,0.00
2025-03-19T10:00,-0.7,95,0.00,1.26
2025-03-19T11:00,-1.3,92,0.00,1.33
2025-03-19T12:00,-1.0,92,0.00,1.12
2025-03-19T13:00,-1.1,87,0.00,0.63
2025-03-19T14:00,-1.1,84,0.00,0.35
2025-03-19T15:00,-1.5,88,0.00,0.56
2025-03-19T16:00,-1.7,92,0.00,1.12
2025-03-19T17:00,-1.8,94,0.00,1.33
2025-03-19T18:00,-2.5,90,0.00,0.91
2025-03-19T19:00,-2.9,82,0.00,0.21
2025-03-19T20:00,-3.5,80,0.00,0.00
2025-03-19T21:00,-4.2,79,0.00,0.00
2025-03-19T22:00,-4.6,78,0.00,0.00
2025-03-19T23:00,-5.1,76,0.00,0.00
2025-03-20T00:00,-5.4,80,0.00,0.00
2025-03-20T01:00,-5.6,85,0.00,0.21
2025-03-20T02:00,-6.1,88,0.00,0.28
2025-03-20T03:00,-6.8,90,0.00,0.49
2025-03-20T04:00,-6.7,90,0.00,0.49
2025-03-20T05:00,-6.7,90,0.00,0.49
2025-03-20T06:00,-6.7,90,0.00,0.42
2025-03-20T07:00,-6.7,90,0.00,0.21
2025-03-20T08:00,-6.2,88,0.00,0.14
2025-03-20T09:00,-5.3,85,0.00,0.14
2025-03-20T10:00,-4.4,82,0.00,0.14
2025-03-20T11:00,-3.8,82,0.00,0.21
2025-03-20T12:00,-3.1,81,0.00,0.14
2025-03-20T13:00,-2.6,76,0.00,0.07
2025-03-20T14:00,-2.2,74,0.00,0.00
2025-03-20T15:00,-2.3,69,0.00,0.00
2025-03-20T16:00,-2.2,78,0.00,0.00
2025-03-20T17:00,-2.6,81,0.00,0.07
2025-03-20T18:00,-3.2,83,0.00,0.07
2025-03-20T19:00,-3.7,86,0.00,0.07
2025-03-20T20:00,-4.3,88,0.00,0.07
2025-03-20T21:00,-4.1,93,0.00,0.14
2025-03-20T22:00,-4.6,92,0.00,0.00
2025-03-20T23:00,-4.7,85,0.00,0.00
2025-03-21T00:00,-5.1,85,0.00,0.00
2025-03-21T01:00,-5.5,87,0.00,0.00
2025-03-21T02:00,-5.6,90,0.00,0.00
2025-03-21T03:00,-5.1,91,0.00,0.00
2025-03-21T04:00,-5.1,90,0.00,0.00
2025-03-21T05:00,-4.9,91,0.00,0.00
2025-03-21T06:00,-5.0,93,0.00,0.00
2025-03-21T07:00,-4.7,92,0.00,0.00
2025-03-21T08:00,-4.2,90,0.00,0.07
2025-03-21T09:00,-3.6,88,0.00,0.14
2025-03-21T10:00,-2.7,84,0.00,0.07
2025-03-21T11:00,-2.2,86,0.00,0.07
2025-03-21T12:00,-1.9,86,0.00,0.42
2025-03-21T13:00,-1.4,86,0.00,0.28
2025-03-21T14:00,-1.2,83,0.00,0.14
2025-03-21T15:00,-1.3,78,0.00,0.21
2025-03-21T16:00,-0.8,76,0.00,0.07
2025-03-21T17:00,-0.6,73,0.00,0.00
2025-03-21T18:00,-0.8,75,0.00,0.00
2025-03-21T19:00,-2.2,81,0.00,0.00
2025-03-21T20:00,-3.6,85,0.00,0.00
2025-03-21T21:00,-4.0,87,0.00,0.00
2025-03-21T22:00,-3.8,89,0.00,0.00
2025-03-21T23:00,-3.6,92,0.00,0.00
2025-03-22T00:00,-4.1,97,0.00,0.00
2025-03-22T01:00,-5.1,99,0.00,0.00
2025-03-22T02:00,-5.5,100,0.00,0.00
2025-03-22T03:00,-5.0,99,0.00,0.00
2025-03-22T04:00,-5.4,100,0.00,0.00
2025-03-22T05:00,-5.6,100,0.00,0.00
2025-03-22T06:00,-6.2,99,0.00,0.00
2025-03-22T07:00,-6.6,99,0.00,0.00
2025-03-22T08:00,-4.7,97,0.00,0.00
2025-03-22T09:00,-1.4,85,0.00,0.00
2025-03-22T10:00,-0.1,75,0.00,0.00
2025-03-22T11:00,1.1,68,0.00,0.00
2025-03-22T12:00,1.7,65,0.00,0.00
2025-03-22T13:00,2.5,63,0.00,0.00
2025-03-22T14:00,3.1,61,0.00,0.00
2025-03-22T15:00,3.0,57,0.00,0.00
2025-03-22T16:00,3.3,57,0.00,0.00
2025-03-22T17:00,3.3,58,0.00,0.00
2025-03-22T18:00,3.4,57,0.00,0.00
2025-03-22T19:00,3.0,62,0.00,0.00
2025-03-22T20:00,2.2,69,0.00,0.00
2025-03-22T21:00,1.5,73,0.00,0.00
2025-03-22T22:00,1.1,73,0.00,0.00
2025-03-22T23:00,0.9,71,0.00,0.00
2025-03-23T00:00,0.4,73,0.00,0.00
2025-03-23T01:00,-0.0,74,0.00,0.00
2025-03-23T02:00,-0.5,77,0.00,0.00
2025-03-23T03:00,-1.8,89,0.00,0.00
2025-03-23T04:00,-2.1,88,0.00,0.00
2025-03-23T05:00,-2.0,86,0.00,0.00
2025-03-23T06:00,-2.5,83,0.00,0.00
2025-03-23T07:00,-2.5,84,0.00,0.00
2025-03-23T08:00,-1.2,82,0.00,0.00
2025-03-23T09:00,1.8,74,0.00,0.00
2025-03-23T10:00,3.7,64,0.00,0.00
2025-03-23T11:00,5.5,58,0.00,0.00
2025-03-23T12:00,7.0,52,0.00,0.00
2025-03-23T13:00,8.1,50,0.00,0.00
2025-03-23T14:00,9.0,47,0.00,0.00
2025-03-23T15:00,10.4,31,0.00,0.00
2025-03-23T16:00,10.6,32,0.00,0.00
2025-03-23T17:00,10.6,34,0.00,0.00
2025-03-23T18:00,10.3,36,0.00,0.00
2025-03-23T19:00,8.7,46,0.00,0.00
2025-03-23T20:00,6.7,55,0.00,0.00
2025-03-23T21:00,5.2,58,0.00,0.00
2025-03-23T22:00,3.9,59,0.00,0.00
2025-03-23T23:00,3.2,55,0.00,0.00
2025-03-24T00:00,3.3,51,0.00,0.00
2025-03-24T01:00,3.6,50,0.00,0.00
2025-03-24T02:00,3.9,54,0.00,0.00
2025-03-24T03:00,4.4,57,0.00,0.00
2025-03-24T04:00,4.4,58,0.00,0.00
2025-03-24T05:00,4.4,59,0.00,0.00
2025-03-24T06:00,3.2,68,0.00,0.00
2025-03-24T07:00,3.3,69,0.00,0.00
2025-03-24T08:00,3.7,73,0.00,0.00
2025-03-24T09:00,6.8,62,0.00,0.00
2025-03-24T10:00,9.6,45,0.00,0.00
2025-03-24T11:00,11.4,41,0.00,0.00
2025-03-24T12:00,12.1,41,0.00,0.00
2025-03-24T13:00,13.2,40,0.00,0.00
2025-03-24T14:00,13.8,42,0.00,0.00
2025-03-24T15:00,14.4,44,0.00,0.00
2025-03-24T16:00,14.1,40,0.00,0.00
2025-03-24T17:00,13.8,45,0.00,0.00
2025-03-24T18:00,13.5,48,0.00,0.00
2025-03-24T19:00,12.3,54,0.00,0.00
2025-03-24T20:00,11.0,58,0.00,0.00
2025-03-24T21:00,10.9,62,0.00,0.00
2025-03-24T22:00,10.5,64,0.00,0.00
2025-03-24T23:00,10.1,69,0.00,0.00
2025-03-25T00:00,10.2,72,0.00,0.00
2025-03-25T01:00,9.9,74,0.00,0.00
2025-03-25T02:00,9.4,76,0.00,0.00
2025-03-25T03:00,10.0,74,0.00,0.00
2025-03-25T04:00,9.3,78,0.00,0.00
2025-03-25T05:00,9.2,80,0.00,0.00
2025-03-25T06:00,8.9,82,0.00,0.00
2025-03-25T07:00,9.1,80,0.00,0.00
2025-03-25T08:00,9.5,79,0.00,0.00
2025-03-25T09:00,11.0,76,0.00,0.00
2025-03-25T10:00,13.1,65,0.00,0.00
2025-03-25T11:00,14.2,60,0.00,0.00
2025-03-25T12:00,15.3,56,0.00,0.00
2025-03-25T13:00,16.5,52,0.00,0.00
2025-03-25T14:00,17.8,48,0.00,0.00
2025-03-25T15:00,19.0,37,0.00,0.00
2025-03-25T16:00,18.9,37,0.00,0.00
2025-03-25T17:00,18.7,35,0.00,0.00
2025-03-25T18:00,18.2,33,0.00,0.00
2025-03-25T19:00,16.5,38,0.00,0.00
2025-03-25T20:00,14.2,43,0.00,0.00
2025-03-25T21:00,13.2,47,0.00,0.00
2025-03-25T22:00,12.4,49,0.00,0.00
2025-03-25T23:00,10.9,55,0.00,0.00
2025-03-26T00:00,10.5,58,0.00,0.00
2025-03-26T01:00,10.2,57,0.00,0.00
2025-03-26T02:00,10.3,54,0.00,0.00
2025-03-26T03:00,9.7,56,0.00,0.00
2025-03-26T04:00,8.8,64,0.00,0.00
2025-03-26T05:00,8.7,67,0.00,0.00
2025-03-26T06:00,7.8,74,0.00,0.00
2025-03-26T07:00,7.3,76,0.00,0.00
2025-03-26T08:00,8.7,70,0.00,0.00
2025-03-26T09:00,12.3,61,0.00,0.00
2025-03-26T10:00,15.9,43,0.00,0.00
2025-03-26T11:00,17.7,32,0.00,0.00
2025-03-26T12:00,18.0,30,0.00,0.00
2025-03-26T13:00,18.3,27,0.00,0.00
2025-03-26T14:00,18.9,25,0.00,0.00
2025-03-26T15:00,19.5,24,0.00,0.00
2025-03-26T16:00,19.2,31,0.00,0.00
2025-03-26T17:00,18.6,32,0.00,0.00
2025-03-26T18:00,17.7,29,0.00,0.00
2025-03-26T19:00,16.1,30,0.00,0.00
2025-03-26T20:00,15.0,32,0.00,0.00
2025-03-26T21:00,14.1,33,0.00,0.00
2025-03-26T22:00,13.0,37,0.00,0.00
2025-03-26T23:00,12.2,39,0.00,0.00
2025-03-27T00:00,11.0,39,0.00,0.00
2025-03-27T01:00,10.2,43,0.00,0.00
2025-03-27T02:00,9.3,47,0.00,0.00
2025-03-27T03:00,9.5,50,0.00,0.00
2025-03-27T04:00,9.0,53,0.00,0.00
2025-03-27T05:00,9.5,51,0.00,0.00
2025-03-27T06:00,8.7,53,0.00,0.00
2025-03-27T07:00,8.9,54,0.00,0.00
2025-03-27T08:00,9.4,54,0.00,0.00
2025-03-27T09:00,12.1,48,0.00,0.00
2025-03-27T10:00,14.9,38,0.00,0.00
2025-03-27T11:00,17.3,32,0.00,0.00
2025-03-27T12:00,19.4,28,0.00,0.00
2025-03-27T13:00,20.4,27,0.00,0.00
2025-03-27T14:00,21.2,26,0.00,0.00
2025-03-27T15:00,21.5,25,0.00,0.00
2025-03-27T16:00,21.6,24,0.00,0.00
2025-03-27T17:00,21.2,25,0.00,0.00
2025-03-27T18:00,20.8,25,0.00,0.00
2025-03-27T19:00,18.5,33,0.00,0.00
2025-03-27T20:00,16.9,36,0.00,0.00
2025-03-27T21:00,16.4,36,0.00,0.00
2025-03-27T22:00,15.8,35,0.00,0.00
2025-03-27T23:00,14.3,36,0.00,0.00
2025-03-28T00:00,13.1,40,0.00,0.00
2025-03-28T01:00,11.9,48,0.00,0.00
2025-03-28T02:00,11.1,54,0.00,0.00
2025-03-28T03:00,10.3,62,0.00,0.00
2025-03-28T04:00,10.0,62,0.00,0.00
2025-03-28T05:00,9.7,60,0.00,0.00
2025-03-28T06:00,8.8,62,0.00,0.00
2025-03-28T07:00,8.5,64,0.00,0.00
2025-03-28T08:00,10.1,61,0.00,0.00
2025-03-28T09:00,13.4,57,0.00,0.00
2025-03-28T10:00,16.8,37,0.00,0.00
2025-03-28T11:00,19.1,32,0.00,0.00
2025-03-28T12:00,21.6,28,0.00,0.00
2025-03-28T13:00,22.6,25,0.00,0.00
2025-03-28T14:00,23.2,23,0.00,0.00
2025-03-28T15:00,24.0,21,0.00,0.00
2025-03-28T16:00,23.1,22,0.00,0.00
2025-03-28T17:00,22.6,23,0.00,0.00
2025-03-28T18:00,21.7,25,0.00,0.00
2025-03-28T19:00,19.7,30,0.00,0.00
2025-03-28T20:00,18.4,33,0.00,0.00
2025-03-28T21:00,17.7,29,0.00,0.00
2025-03-28T22:00,16.9,31,0.00,0.00
2025-03-28T23:00,16.0,32,0.00,0.00
2025-03-29T00:00,15.7,32,0.00,0.00
2025-03-29T01:00,14.9,35,0.00,0.00
2025-03-29T02:00,14.1,35,0.00,0.00
2025-03-29T03:00,13.4,42,0.00,0.00
2025-03-29T04:00,12.7,44,0.00,0.00
2025-03-29T05:00,11.9,49,0.00,0.00
2025-03-29T06:00,12.8,43,0.00,0.00
2025-03-29T07:00,14.7,36,0.00,0.00
2025-03-29T08:00,16.5,32,0.00,0.00
2025-03-29T09:00,18.0,28,0.00,0.00
2025-03-29T10:00,19.2,26,0.00,0.00
2025-03-29T11:00,19.6,28,0.00,0.00
2025-03-29T12:00,18.1,40,0.00,0.00
2025-03-29T13:00,18.9,38,0.00,0.00
2025-03-29T14:00,19.3,38,0.00,0.00
2025-03-29T15:00,19.7,35,0.00,0.00
2025-03-29T16:00,19.1,36,0.00,0.00
2025-03-29T17:00,18.1,34,0.00,0.00
2025-03-29T18:00,16.7,39,0.00,0.00
2025-03-29T19:00,15.0,42,0.00,0.00
2025-03-29T20:00,13.8,41,0.00,0.00
2025-03-29T21:00,12.8,42,0.00,0.00
2025-03-29T22:00,12.1,44,0.00,0.00
2025-03-29T23:00,11.5,48,0.00,0.00
2025-03-30T00:00,11.1,49,0.00,0.00
2025-03-30T01:00,10.5,55,0.00,0.00
2025-03-30T02:00,10.1,58,0.00,0.00
2025-03-30T03:00,9.2,60,0.00,0.00
2025-03-30T04:00,8.6,59,0.00,0.00
2025-03-30T05:00,7.4,55,0.00,0.00
2025-03-30T06:00,5.9,56,0.00,0.00
2025-03-30T07:00,6.4,55,0.00,0.00
2025-03-30T08:00,7.8,53,0.00,0.00
2025-03-30T09:00,10.3,43,0.00,0.00
2025-03-30T10:00,11.9,40,0.00,0.00
2025-03-30T11:00,13.3,37,0.00,0.00
2025-03-30T12:00,14.1,36,0.00,0.00
2025-03-30T13:00,15.4,33,0.00,0.00
2025-03-30T14:00,16.4,30,0.00,0.00
2025-03-30T15:00,16.1,29,0.00,0.00
2025-03-30T16:00,16.4,26,0.00,0.00
2025-03-30T17:00,15.8,27,0.00,0.00
2025-03-30T18:00,14.8,33,0.00,0.00
2025-03-30T19:00,13.5,41,0.00,0.00
2025-03-30T20:00,12.0,55,0.00,0.00
2025-03-30T21:00,10.7,63,0.00,0.00
2025-03-30T22:00,10.1,64,0.00,0.00
2025-03-30T23:00,9.1,71,0.00,0.00
2025-03-31T00:00,9.3,66,0.00,0.00
2025-03-31T01:00,8.8,61,0.00,0.00
2025-03-31T02:00,8.3,62,0.00,0.00
2025-03-31T03:00,8.0,63,0.00,0.00
2025-03-31T04:00,7.6,65,0.00,0.00
2025-03-31T05:00,7.3,66,0.00,0.00
2025-03-31T06:00,6.8,68,0.00,0.00
2025-03-31T07:00,6.5,69,0.00,0.00
2025-03-31T08:00,7.8,62,0.00,0.00
2025-03-31T09:00,9.7,53,0.00,0.00
2025-03-31T10:00,11.1,49,0.00,0.00
2025-03-31T11:00,12.5,44,0.00,0.00
2025-03-31T12:00,13.8,38,0.00,0.00
2025-03-31T13:00,14.9,35,0.00,0.00
2025-03-31T14:00,15.5,33,0.00,0.00
2025-03-31T15:00,16.3,29,0.00,0.00
2025-03-31T16:00,16.7,27,0.00,0.00
2025-03-31T17:00,16.4,28,0.00,0.00
2025-03-31T18:00,15.6,25,0.00,0.00
2025-03-31T19:00,13.9,30,0.00,0.00
2025-03-31T20:00,12.3,39,0.00,0.00
2025-03-31T21:00,11.3,44,0.00,0.00
2025-03-31T22:00,10.3,53,0.00,0.00
2025-03-31T23:00,8.6,61,0.00,0.00
2025-04-01T00:00,7.3,69,0.00,0.00
2025-04-01T01:00,7.0,69,0.00,0.00
2025-04-01T02:00,6.9,68,0.00,0.00
2025-04-01T03:00,6.4,74,0.00,0.00
2025-04-01T04:00,6.2,73,0.00,0.00
2025-04-01T05:00,6.2,71,0.00,0.00
2025-04-01T06:00,6.2,73,0.00,0.00
2025-04-01T07:00,6.1,75,0.00,0.00
2025-04-01T08:00,8.3,65,0.00,0.00
2025-04-01T09:00,11.0,53,0.00,0.00
2025-04-01T10:00,13.2,46,0.00,0.00
2025-04-01T11:00,14.9,37,0.00,0.00
2025-04-01T12:00,16.5,33,0.00,0.00
2025-04-01T13:00,17.1,29,0.00,0.00
2025-04-01T14:00,17.3,28,0.00,0.00
2025-04-01T15:00,17.4,29,0.00,0.00
2025-04-01T16:00,16.6,31,0.00,0.00
2025-04-01T17:00,15.5,36,0.00,0.00
2025-04-01T18:00,13.8,48,0.00,0.00
2025-04-01T19:00,12.2,59,0.40,0.00
2025-04-01T20:00,11.4,65,0.20,0.00
2025-04-01T21:00,11.3,65,0.30,0.00
2025-04-01T22:00,10.5,71,0.00,0.00
2025-04-01T23:00,10.0,73,0.00,0.00
2025-04-02T00:00,9.8,74,0.00,0.00
2025-04-02T01:00,9.1,76,0.00,0.00
2025-04-02T02:00,8.6,76,0.00,0.00
2025-04-02T03:00,8.2,80,0.00,0.00
2025-04-02T04:00,7.3,86,0.00,0.00
2025-04-02T05:00,6.7,89,0.00,0.00
2025-04-02T06:00,6.7,90,0.00,0.00
2025-04-02T07:00,6.8,89,0.00,0.00
2025-04-02T08:00,8.6,84,0.00,0.00
2025-04-02T09:00,10.6,69,0.00,0.00
2025-04-02T10:00,11.3,69,0.00,0.00
2025-04-02T11:00,11.6,71,0.00,0.00
2025-04-02T12:00,12.4,65,0.00,0.00
2025-04-02T13:00,13.2,61,0.00,0.00
2025-04-02T14:00,13.2,61,0.00,0.00
2025-04-02T15:00,14.4,42,0.30,0.00
2025-04-02T16:00,13.8,49,0.00,0.00
2025-04-02T17:00,13.9,43,0.00,0.00
2025-04-02T18:00,13.0,55,0.00,0.00
2025-04-02T19:00,12.2,56,0.00,0.00
2025-04-02T20:00,11.4,51,0.00,0.00
2025-04-02T21:00,10.3,61,0.00,0.00
2025-04-02T22:00,9.7,65,0.00,0.00
2025-04-02T23:00,8.9,73,0.00,0.00
2025-04-03T00:00,8.3,78,0.00,0.00
2025-04-03T01:00,7.7,83,0.00,0.00
2025-04-03T02:00,7.3,84,0.00,0.00
2025-04-03T03:00,7.4,83,0.00,0.00
2025-04-03T04:00,6.9,84,0.00,0.00
2025-04-03T05:00,6.6,85,0.00,0.00
2025-04-03T06:00,5.8,87,0.00,0.00
2025-04-03T07:00,5.5,86,0.00,0.00
2025-04-03T08:00,7.4,75,0.00,0.00
2025-04-03T09:00,9.0,68,0.00,0.00
2025-04-03T10:00,10.3,61,0.00,0.00
2025-04-03T11:00,11.4,53,0.00,0.00
2025-04-03T12:00,12.6,48,0.00,0.00
2025-04-03T13:00,13.1,46,0.00,0.00
2025-04-03T14:00,12.9,51,0.00,0.00
2025-04-03T15:00,12.0,62,0.00,0.00
2025-04-03T16:00,11.4,71,0.00,0.00
2025-04-03T17:00,10.8,71,0.00,0.00
2025-04-03T18:00,10.5,68,0.00,0.00
2025-04-03T19:00,9.7,72,0.00,0.00
2025-04-03T20:00,8.7,80,0.00,0.00
2025-04-03T21:00,8.2,82,0.00,0.00
2025-04-03T22:00,8.0,82,0.00,0.00
2025-04-03T23:00,7.7,83,0.00,0.00
2025-04-04T00:00,7.5,83,0.00,0.00
2025-04-04T01:00,7.0,85,0.00,0.00
2025-04-04T02:00,6.6,87,0.00,0.00
2025-04-04T03:00,6.1,89,0.00,0.00
2025-04-04T04:00,6.0,90,0.00,0.00
2025-04-04T05:00,5.9,91,0.00,0.00
2025-04-04T06:00,6.0,92,0.00,0.00
2025-04-04T07:00,6.0,94,0.00,0.00
2025-04-04T08:00,6.8,93,0.00,0.00
2025-04-04T09:00,7.9,81,0.20,0.00
2025-04-04T10:00,8.2,78,0.30,0.00
2025-04-04T11:00,9.2,75,0.10,0.00
2025-04-04T12:00,10.2,71,0.00,0.00
2025-04-04T13:00,10.7,70,0.00,0.00
2025-04-04T14:00,11.4,66,0.00,0.00
2025-04-04T15:00,12.8,49,0.00,0.00
2025-04-04T16:00,12.5,49,0.00,0.00
2025-04-04T17:00,12.1,52,0.00,0.00
2025-04-04T18:00,11.2,57,0.00,0.00
2025-04-04T19:00,10.6,61,0.00,0.00
2025-04-04T20:00,9.6,70,0.00,0.00
2025-04-04T21:00,8.5,79,0.00,0.00
2025-04-04T22:00,8.0,80,0.00,0.00
2025-04-04T23:00,7.5,82,0.00,0.00
2025-04-05T00:00,6.6,87,0.00,0.00
2025-04-05T01:00,6.0,90,0.00,0.00
2025-04-05T02:00,5.8,90,0.00,0.00
2025-04-05T03:00,5.9,91,0.00,0.00
2025-04-05T04:00,5.9,90,0.00,0.00
2025-04-05T05:00,5.8,89,0.00,0.00
2025-04-05T06:00,5.0,91,0.00,0.00
2025-04-05T07:00,5.0,91,0.00,0.00
2025-04-05T08:00,6.1,89,0.00,0.00
2025-04-05T09:00,8.0,77,0.00,0.00
2025-04-05T10:00,9.4,64,0.00,0.00
2025-04-05T11:00,10.5,59,0.00,0.00
2025-04-05T12:00,11.0,56,0.00,0.00
2025-04-05T13:00,11.8,55,0.00,0.00
2025-04-05T14:00,12.1,57,0.00,0.00
2025-04-05T15:00,12.8,50,0.00,0.00
2025-04-05T16:00,12.6,50,0.00,0.00
2025-04-05T17:00,12.3,50,0.00,0.00
2025-04-05T18:00,10.8,61,0.00,0.00
2025-04-05T19:00,9.8,65,0.00,0.00
2025-04-05T20:00,8.5,75,0.00,0.00
2025-04-05T21:00,7.6,83,0.00,0.00
2025-04-05T22:00,7.6,84,0.00,0.00
2025-04-05T23:00,7.4,85,0.00,0.00
2025-04-06T00:00,7.1,89,0.00,0.00
2025-04-06T01:00,6.8,86,0.00,0.00
2025-04-06T02:00,6.5,85,0.00,0.00
2025-04-06T03:00,6.4,81,0.00,0.00
2025-04-06T04:00,6.0,80,0.00,0.00
2025-04-06T05:00,5.6,82,0.00,0.00
2025-04-06T06:00,5.4,87,0.00,0.00
2025-04-06T07:00,5.5,88,0.00,0.00
2025-04-06T08:00,7.0,84,0.00,0.00
2025-04-06T09:00,8.9,71,0.00,0.00
2025-04-06T10:00,10.4,63,0.00,0.00
2025-04-06T11:00,11.5,54,0.00,0.00
2025-04-06T12:00,12.4,51,0.00,0.00
2025-04-06T13:00,13.8,40,0.00,0.00
2025-04-06T14:00,14.1,37,0.00,0.00
2025-04-06T15:00,14.1,36,0.00,0.00
2025-04-06T16:00,13.5,40,0.00,0.00
2025-04-06T17:00,13.0,41,0.00,0.00
2025-04-06T18:00,12.4,44,0.00,0.00
2025-04-06T19:00,11.3,55,0.00,0.00
2025-04-06T20:00,9.7,66,0.00,0.00
2025-04-06T21:00,8.9,70,0.00,0.00
2025-04-06T22:00,8.7,70,0.00,0.00
2025-04-06T23:00,8.8,67,0.00,0.00
2025-04-07T00:00,8.6,70,0.00,0.00
2025-04-07T01:00,8.2,71,0.00,0.00
2025-04-07T02:00,7.9,71,0.00,0.00
2025-04-07T03:00,7.1,78,0.00,0.00
2025-04-07T04:00,6.2,81,0.00,0.00
2025-04-07T05:00,5.4,80,0.00,0.00
2025-04-07T06:00,4.6,78,0.00,0.00
2025-04-07T07:00,4.2,80,0.00,0.00
2025-04-07T08:00,6.0,81,0.00,0.00
2025-04-07T09:00,10.1,59,0.00,0.00
2025-04-07T10:00,11.9,51,0.00,0.00
2025-04-07T11:00,13.5,46,0.00,0.00
2025-04-07T12:00,14.4,40,0.00,0.00
2025-04-07T13:00,14.9,39,0.00,0.00
2025-04-07T14:00,15.7,33,0.00,0.00
2025-04-07T15:00,16.1,29,0.00,0.00
2025-04-07T16:00,15.8,27,0.00,0.00
2025-04-07T17:00,14.8,30,0.00,0.00
2025-04-07T18:00,14.2,33,0.00,0.00
2025-04-07T19:00,12.9,39,0.00,0.00
2025-04-07T20:00,11.3,46,0.00,0.00
2025-04-07T21:00,10.3,47,0.00,0.00
2025-04-07T22:00,8.6,56,0.00,0.00
2025-04-07T23:00,7.3,63,0.00,0.00
2025-04-08T00:00,7.2,62,0.00,0.00
2025-04-08T01:00,7.3,61,0.00,0.00
2025-04-08T02:00,7.4,62,0.00,0.00
2025-04-08T03:00,7.7,64,0.00,0.00
2025-04-08T04:00,7.5,66,0.00,0.00
2025-04-08T05:00,7.1,69,0.00,0.00
2025-04-08T06:00,6.6,73,0.00,0.00
2025-04-08T07:00,6.3,76,0.00,0.00
2025-04-08T08:00,7.8,74,0.00,0.00
2025-04-08T09:00,10.8,59,0.00,0.00
2025-04-08T10:00,12.4,53,0.00,0.00
2025-04-08T11:00,13.5,46,0.00,0.00
2025-04-08T12:00,14.4,41,0.00,0.00
2025-04-08T13:00,15.6,36,0.00,0.00
2025-04-08T14:00,16.1,35,0.00,0.00
2025-04-08T15:00,16.4,34,0.00,0.00
2025-04-08T16:00,16.2,35,0.00,0.00
2025-04-08T17:00,16.0,35,0.00,0.00
2025-04-08T18:00,12.9,62,0.00,0.00
2025-04-08T19:00,11.6,68,0.00,0.00
2025-04-08T20:00,10.1,78,0.30,0.00
2025-04-08T21:00,9.1,82,0.10,0.00
2025-04-08T22:00,8.4,86,0.00,0.00
2025-04-08T23:00,7.4,86,0.00,0.00
2025-04-09T00:00,6.5,86,0.00,0.00
2025-04-09T01:00,5.9,89,0.00,0.00
2025-04-09T02:00,5.6,92,0.00,0.00
2025-04-09T03:00,4.8,92,0.00,0.00
2025-04-09T04:00,4.9,93,0.00,0.00
2025-04-09T05:00,4.8,92,0.00,0.00
2025-04-09T06:00,4.6,91,0.00,0.00
2025-04-09T07:00,4.6,90,0.40,0.00
2025-04-09T08:00,4.9,91,1.50,0.00
2025-04-09T09:00,5.8,88,1.70,0.00
2025-04-09T10:00,6.7,85,1.50,0.00
2025-04-09T11:00,7.6,86,1.70,0.00
2025-04-09T12:00,6.8,91,1.10,0.00
2025-04-09T13:00,7.7,88,0.20,0.00
2025-04-09T14:00,7.2,89,0.90,0.00
2025-04-09T15:00,9.8,72,0.00,0.00
2025-04-09T16:00,9.6,74,0.00,0.00
2025-04-09T17:00,8.0,79,0.00,0.00
2025-04-09T18:00,6.4,82,0.00,0.00
2025-04-09T19:00,5.7,85,0.40,0.00
2025-04-09T20:00,5.0,89,0.80,0.00
2025-04-09T21:00,3.7,87,0.00,0.00
2025-04-09T22:00,3.2,86,0.00,0.00
2025-04-09T23:00,2.5,84,0.00,0.00
2025-04-10T00:00,1.0,90,0.20,0.00
2025-04-10T01:00,0.2,94,0.00,0.70
2025-04-10T02:00,-0.1,97,0.00,1.40
2025-04-10T03:00,-0.5,96,0.00,0.84
2025-04-10T04:00,-0.5,95,0.00,0.35
2025-04-10T05:00,-0.5,94,0.00,0.28
2025-04-10T06:00,-1.0,94,0.00,0.35
2025-04-10T07:00,-0.9,91,0.00,0.14
2025-04-10T08:00,-0.6,86,0.00,0.00
2025-04-10T09:00,-0.1,83,0.00,0.00
2025-04-10T10:00,0.6,77,0.00,0.00
2025-04-10T11:00,1.8,68,0.00,0.00
2025-04-10T12:00,2.4,65,0.00,0.00
2025-04-10T13:00,3.6,56,0.00,0.00
2025-04-10T14:00,3.8,53,0.00,0.00
2025-04-10T15:00,4.1,52,0.00,0.00
2025-04-10T16:00,4.4,52,0.00,0.00
2025-04-10T17:00,4.2,52,0.00,0.00
2025-04-10T18:00,4.1,54,0.00,0.00
2025-04-10T19:00,3.7,56,0.00,0.00
2025-04-10T20:00,3.0,66,0.00,0.00
2025-04-10T21:00,2.3,74,0.00,0.00
2025-04-10T22:00,1.5,78,0.00,0.00
2025-04-10T23:00,0.5,82,0.00,0.00
2025-04-11T00:00,0.3,78,0.00,0.00
2025-04-11T01:00,-0.0,77,0.00,0.00
2025-04-11T02:00,-0.2,75,0.00,0.00
2025-04-11T03:00,-0.4,76,0.00,0.00
2025-04-11T04:00,-0.6,74,0.00,0.00
2025-04-11T05:00,-0.6,73,0.00,0.00
2025-04-11T06:00,-1.1,76,0.00,0.00
2025-04-11T07:00,-1.0,75,0.00,0.00
2025-04-11T08:00,0.9,68,0.00,0.00
2025-04-11T09:00,2.8,56,0.00,0.00
2025-04-11T10:00,4.0,51,0.00,0.00
2025-04-11T11:00,5.1,46,0.00,0.00
2025-04-11T12:00,5.6,44,0.00,0.00
2025-04-11T13:00,5.7,44,0.00,0.00
2025-04-11T14:00,5.6,45,0.00,0.00
2025-04-11T15:00,0.7,81,0.00,0.21
2025-04-11T16:00,-1.4,89,0.00,0.70
2025-04-11T17:00,-1.9,88,0.00,0.98
2025-04-11T18:00,-2.3,77,0.00,0.21
2025-04-11T19:00,-2.4,75,0.00,0.00
2025-04-11T20:00,-2.7,76,0.00,0.00
2025-04-11T21:00,-3.4,78,0.00,0.00
2025-04-11T22:00,-4.2,89,0.00,0.00
2025-04-11T23:00,-4.8,91,0.00,0.00
2025-04-12T00:00,-5.1,90,0.00,0.00
2025-04-12T01:00,-5.3,87,0.00,0.00
2025-04-12T02:00,-5.5,84,0.00,0.00
2025-04-12T03:00,-6.2,80,0.00,0.00
2025-04-12T04:00,-6.2,80,0.00,0.00
2025-04-12T05:00,-6.2,81,0.00,0.00
2025-04-12T06:00,-6.2,81,0.00,0.00
2025-04-12T07:00,-5.8,76,0.00,0.00
2025-04-12T08:00,-4.2,68,0.00,0.00
2025-04-12T09:00,-3.2,66,0.00,0.00
2025-04-12T10:00,-2.1,60,0.00,0.00
2025-04-12T11:00,-0.8,59,0.00,0.00
2025-04-12T12:00,0.6,54,0.00,0.00
2025-04-12T13:00,2.2,52,0.00,0.00
2025-04-12T14:00,3.3,51,0.00,0.00
2025-04-12T15:00,4.1,49,0.00,0.00
2025-04-12T16:00,4.8,50,0.00,0.00
2025-04-12T17:00,4.8,49,0.00,0.00
2025-04-12T18:00,4.5,52,0.00,0.00
2025-04-12T19:00,3.5,61,0.00,0.00
2025-04-12T20:00,2.1,70,0.00,0.00
2025-04-12T21:00,2.1,69,0.00,0.00
2025-04-12T22:00,2.0,71,0.00,0.00
2025-04-12T23:00,1.8,73,0.00,0.00
2025-04-13T00:00,1.1,84,0.00,0.21
2025-04-13T01:00,0.7,92,0.00,0.63
2025-04-13T02:00,0.8,94,0.10,0.42
2025-04-13T03:00,0.2,94,0.10,0.35
2025-04-13T04:00,-0.6,91,0.00,0.28
2025-04-13T05:00,-0.6,89,0.00,0.00
2025-04-13T06:00,-0.8,83,0.00,0.00
2025-04-13T07:00,-1.1,80,0.00,0.00
2025-04-13T08:00,-0.9,76,0.00,0.00
2025-04-13T09:00,0.5,73,0.00,0.00
2025-04-13T10:00,1.9,66,0.00,0.00
2025-04-13T11:00,3.6,59,0.00,0.00
2025-04-13T12:00,4.7,56,0.00,0.00
2025-04-13T13:00,5.9,46,0.00,0.00
2025-04-13T14:00,6.2,42,0.00,0.00
2025-04-13T15:00,6.6,39,0.00,0.00
2025-04-13T16:00,6.3,42,0.00,0.00
2025-04-13T17:00,5.9,44,0.00,0.00
2025-04-13T18:00,5.1,46,0.00,0.00
2025-04-13T19:00,4.1,55,0.00,0.00
2025-04-13T20:00,2.8,70,0.00,0.00
2025-04-13T21:00,1.9,81,0.00,0.00
2025-04-13T22:00,1.3,85,0.00,0.00
2025-04-13T23:00,0.7,88,0.00,0.00
2025-04-14T00:00,0.5,89,0.00,0.00
2025-04-14T01:00,0.4,88,0.00,0.00
2025-04-14T02:00,0.2,91,0.00,0.00
2025-04-14T03:00,-0.4,93,0.00,0.00
2025-04-14T04:00,-0.2,91,0.00,0.00
2025-04-14T05:00,-0.4,91,0.00,0.00
2025-04-14T06:00,-0.4,91,0.00,0.00
2025-04-14T07:00,-0.6,90,0.00,0.00
2025-04-14T08:00,-0.2,86,0.00,0.00
2025-04-14T09:00,0.5,88,0.00,0.00
2025-04-14T10:00,1.2,81,0.00,0.00
2025-04-14T11:00,2.1,77,0.00,0.00
2025-04-14T12:00,2.4,76,0.00,0.00
2025-04-14T13:00,2.6,77,0.00,0.00
2025-04-14T14:00,3.4,72,0.00,0.00
2025-04-14T15:00,3.6,70,0.00,0.00
2025-04-14T16:00,3.2,78,0.00,0.00
2025-04-14T17:00,3.0,77,0.00,0.00
2025-04-14T18:00,2.8,76,0.00,0.00
2025-04-14T19:00,1.9,81,0.00,0.00
2025-04-14T20:00,1.1,87,0.00,0.00
2025-04-14T21:00,0.8,86,0.00,0.00
2025-04-14T22:00,0.4,89,0.00,0.00
2025-04-14T23:00,0.2,92,0.00,0.00
2025-04-15T00:00,0.2,92,0.00,0.00
2025-04-15T01:00,-0.3,92,0.00,0.00
2025-04-15T02:00,-0.5,92,0.00,0.00
2025-04-15T03:00,-0.3,87,0.00,0.00
2025-04-15T04:00,-0.2,84,0.00,0.00
2025-04-15T05:00,-0.0,86,0.00,0.00
2025-04-15T06:00,0.4,84,0.00,0.00
2025-04-15T07:00,0.7,83,0.00,0.00
2025-04-15T08:00,1.2,83,0.00,0.00
2025-04-15T09:00,2.9,77,0.00,0.00
2025-04-15T10:00,4.4,73,0.00,0.00
2025-04-15T11:00,5.7,71,0.00,0.00
2025-04-15T12:00,6.8,67,0.00,0.00
2025-04-15T13:00,7.9,64,0.00,0.00
2025-04-15T14:00,8.7,58,0.00,0.00
2025-04-15T15:00,10.6,44,0.00,0.00
2025-04-15T16:00,10.7,47,0.00,0.00
2025-04-15T17:00,11.3,43,0.00,0.00
2025-04-15T18:00,11.1,43,0.00,0.00
2025-04-15T19:00,9.6,53,0.00,0.00
2025-04-15T20:00,8.0,61,0.00,0.00
2025-04-15T21:00,7.3,62,0.00,0.00
2025-04-15T22:00,6.5,62,0.00,0.00
2025-04-15T23:00,6.1,62,0.00,0.00
2025-04-16T00:00,4.6,73,0.00,0.00
2025-04-16T01:00,3.9,79,0.00,0.00
2025-04-16T02:00,3.8,79,0.00,0.00
2025-04-16T03:00,3.3,82,0.00,0.00
2025-04-16T04:00,2.9,83,0.00,0.00
2025-04-16T05:00,2.7,84,0.00,0.00
2025-04-16T06:00,2.9,84,0.00,0.00
2025-04-16T07:00,3.6,82,0.00,0.00
2025-04-16T08:00,5.3,79,0.00,0.00
2025-04-16T09:00,7.5,66,0.00,0.00
2025-04-16T10:00,9.1,62,0.00,0.00
2025-04-16T11:00,10.4,59,0.00,0.00
2025-04-16T12:00,11.0,57,0.00,0.00
2025-04-16T13:00,11.3,57,0.00,0.00
2025-04-16T14:00,11.9,53,0.00,0.00
2025-04-16T15:00,12.6,49,0.00,0.00
2025-04-16T16:00,13.0,47,0.00,0.00
2025-04-16T17:00,12.5,52,0.00,0.00
2025-04-16T18:00,12.4,52,0.00,0.00
2025-04-16T19:00,11.1,58,0.00,0.00
2025-04-16T20:00,9.5,65,0.00,0.00
2025-04-16T21:00,8.6,66,0.00,0.00
2025-04-16T22:00,8.0,68,0.00,0.00
2025-04-16T23:00,7.8,67,0.00,0.00
2025-04-17T00:00,6.9,69,0.00,0.00
2025-04-17T01:00,6.2,72,0.00,0.00
2025-04-17T02:00,5.4,75,0.00,0.00
2025-04-17T03:00,5.2,77,0.00,0.00
2025-04-17T04:00,4.5,79,0.00,0.00
2025-04-17T05:00,4.0,81,0.00,0.00
2025-04-17T06:00,3.6,81,0.00,0.00
2025-04-17T07:00,3.6,82,0.00,0.00
2025-04-17T08:00,5.2,81,0.00,0.00
2025-04-17T09:00,9.3,67,0.00,0.00
2025-04-17T10:00,11.5,61,0.00,0.00
2025-04-17T11:00,13.6,51,0.00,0.00
2025-04-17T12:00,15.3,47,0.00,0.00
2025-04-17T13:00,16.6,43,0.00,0.00
2025-04-17T14:00,17.5,40,0.00,0.00
2025-04-17T15:00,18.4,34,0.00,0.00
2025-04-17T16:00,18.5,34,0.00,0.00
2025-04-17T17:00,18.3,36,0.00,0.00
2025-04-17T18:00,18.1,35,0.00,0.00
2025-04-17T19:00,16.2,45,0.00,0.00
2025-04-17T20:00,14.4,50,0.00,0.00
2025-04-17T21:00,12.9,52,0.00,0.00
2025-04-17T22:00,11.8,53,0.00,0.00
2025-04-17T23:00,10.5,57,0.00,0.00
2025-04-18T00:00,10.9,56,0.00,0.00
2025-04-18T01:00,10.7,56,0.00,0.00
2025-04-18T02:00,9.5,61,0.00,0.00
2025-04-18T03:00,9.1,65,0.00,0.00
2025-04-18T04:00,8.1,70,0.00,0.00
2025-04-18T05:00,7.5,73,0.00,0.00
2025-04-18T06:00,6.7,76,0.00,0.00
2025-04-18T07:00,6.9,77,0.00,0.00
2025-04-18T08:00,9.6,73,0.00,0.00
2025-04-18T09:00,13.6,54,0.00,0.00
2025-04-18T10:00,16.3,45,0.00,0.00
2025-04-18T11:00,18.6,38,0.00,0.00
2025-04-18T12:00,20.0,36,0.00,0.00
2025-04-18T13:00,21.0,33,0.00,0.00
2025-04-18T14:00,21.4,33,0.00,0.00
2025-04-18T15:00,22.0,28,0.00,0.00
2025-04-18T16:00,22.0,26,0.00,0.00
2025-04-18T17:00,21.7,25,0.00,0.00
2025-04-18T18:00,21.2,25,0.00,0.00
2025-04-18T19:00,19.4,37,0.00,0.00
2025-04-18T20:00,17.0,42,0.00,0.00
2025-04-18T21:00,15.3,41,0.00,0.00
2025-04-18T22:00,13.1,44,0.00,0.00
2025-04-18T23:00,11.7,46,0.00,0.00
2025-04-19T00:00,11.2,46,0.00,0.00
2025-04-19T01:00,10.8,48,0.00,0.00
2025-04-19T02:00,11.4,46,0.00,0.00
2025-04-19T03:00,10.9,58,0.00,0.00
2025-04-19T04:00,10.6,60,0.00,0.00
2025-04-19T05:00,10.4,64,0.00,0.00
2025-04-19T06:00,9.9,67,0.00,0.00
2025-04-19T07:00,10.9,66,0.00,0.00
2025-04-19T08:00,13.7,59,0.00,0.00
2025-04-19T09:00,17.1,41,0.00,0.00
2025-04-19T10:00,18.9,36,0.00,0.00
2025-04-19T11:00,19.4,37,0.00,0.00
2025-04-19T12:00,22.2,30,0.00,0.00
2025-04-19T13:00,22.3,31,0.00,0.00
2025-04-19T14:00,20.8,41,0.00,0.00
2025-04-19T15:00,19.4,47,0.00,0.00
2025-04-19T16:00,19.9,48,0.00,0.00
2025-04-19T17:00,19.0,55,0.00,0.00
2025-04-19T18:00,17.2,56,0.00,0.00
2025-04-19T19:00,16.0,60,0.00,0.00
2025-04-19T20:00,14.7,65,0.00,0.00
2025-04-19T21:00,12.6,77,0.00,0.00
2025-04-19T22:00,11.2,83,0.00,0.00
2025-04-19T23:00,10.7,80,0.00,0.00
2025-04-20T00:00,11.1,72,0.00,0.00
2025-04-20T01:00,11.3,63,0.00,0.00
2025-04-20T02:00,10.8,64,0.00,0.00
2025-04-20T03:00,10.7,58,0.00,0.00
2025-04-20T04:00,10.3,55,0.00,0.00
2025-04-20T05:00,10.2,52,0.00,0.00
2025-04-20T06:00,9.5,60,0.00,0.00
2025-04-20T07:00,9.9,69,0.00,0.00
2025-04-20T08:00,12.1,70,0.00,0.00
2025-04-20T09:00,13.8,65,0.00,0.00
2025-04-20T10:00,14.8,64,0.00,0.00
2025-04-20T11:00,16.0,58,0.00,0.00
2025-04-20T12:00,17.2,47,0.00,0.00
2025-04-20T13:00,18.2,42,0.00,0.00
2025-04-20T14:00,18.7,40,0.00,0.00
2025-04-20T15:00,19.1,39,0.00,0.00
2025-04-20T16:00,18.9,37,0.00,0.00
2025-04-20T17:00,18.1,39,0.00,0.00
2025-04-20T18:00,17.4,35,0.00,0.00
2025-04-20T19:00,15.7,39,0.00,0.00
2025-04-20T20:00,13.4,48,0.00,0.00
2025-04-20T21:00,11.7,56,0.00,0.00
2025-04-20T22:00,10.8,65,0.00,0.00
2025-04-20T23:00,10.8,67,0.00,0.00
2025-04-21T00:00,10.8,68,0.00,0.00
2025-04-21T01:00,9.9,73,0.00,0.00
2025-04-21T02:00,9.4,75,0.00,0.00
2025-04-21T03:00,9.5,79,0.00,0.00
2025-04-21T04:00,8.3,84,0.00,0.00
2025-04-21T05:00,7.8,86,0.00,0.00
2025-04-21T06:00,7.2,88,0.00,0.00
2025-04-21T07:00,7.5,89,0.00,0.00
2025-04-21T08:00,9.3,87,0.00,0.00
2025-04-21T09:00,11.9,76,0.00,0.00
2025-04-21T10:00,14.0,65,0.00,0.00
2025-04-21T11:00,16.1,55,0.00,0.00
2025-04-21T12:00,17.4,43,0.00,0.00
2025-04-21T13:00,18.5,39,0.00,0.00
2025-04-21T14:00,19.2,36,0.00,0.00
2025-04-21T15:00,19.7,31,0.00,0.00
2025-04-21T16:00,19.7,31,0.00,0.00
2025-04-21T17:00,19.3,31,0.00,0.00
2025-04-21T18:00,18.8,32,0.00,0.00
2025-04-21T19:00,17.5,39,0.00,0.00
2025-04-21T20:00,15.8,45,0.00,0.00
2025-04-21T21:00,14.6,45,0.00,0.00
2025-04-21T22:00,12.1,53,0.00,0.00
2025-04-21T23:00,11.2,54,0.00,0.00
2025-04-22T00:00,11.0,54,0.00,0.00
2025-04-22T01:00,11.0,54,0.00,0.00
2025-04-22T02:00,10.8,54,0.00,0.00
2025-04-22T03:00,10.3,59,0.00,0.00
2025-04-22T04:00,10.1,61,0.00,0.00
2025-04-22T05:00,9.8,64,0.00,0.00
2025-04-22T06:00,9.1,66,0.00,0.00
2025-04-22T07:00,9.5,68,0.00,0.00
2025-04-22T08:00,12.1,66,0.00,0.00
2025-04-22T09:00,15.8,48,0.00,0.00
2025-04-22T10:00,17.7,44,0.00,0.00
2025-04-22T11:00,19.7,39,0.00,0.00
2025-04-22T12:00,21.1,33,0.00,0.00
2025-04-22T13:00,21.9,31,0.00,0.00
2025-04-22T14:00,22.7,26,0.00,0.00
2025-04-22T15:00,23.7,22,0.00,0.00
2025-04-22T16:00,23.5,23,0.00,0.00
2025-04-22T17:00,23.2,23,0.00,0.00
2025-04-22T18:00,22.4,24,0.00,0.00
2025-04-22T19:00,20.2,32,0.00,0.00
2025-04-22T20:00,17.5,41,0.00,0.00
2025-04-22T21:00,16.0,47,0.00,0.00
2025-04-22T22:00,15.6,47,0.00,0.00
2025-04-22T23:00,14.1,53,0.00,0.00
2025-04-23T00:00,13.6,56,0.00,0.00
2025-04-23T01:00,13.0,60,0.00,0.00
2025-04-23T02:00,12.8,63,0.00,0.00
2025-04-23T03:00,12.4,65,0.00,0.00
2025-04-23T04:00,11.4,71,0.00,0.00
2025-04-23T05:00,10.9,75,0.00,0.00
2025-04-23T06:00,10.4,77,0.00,0.00
2025-04-23T07:00,11.3,73,0.00,0.00
2025-04-23T08:00,13.1,70,0.00,0.00
2025-04-23T09:00,14.6,63,0.00,0.00
2025-04-23T10:00,16.2,58,0.00,0.00
2025-04-23T11:00,17.9,53,0.00,0.00
2025-04-23T12:00,18.2,51,0.00,0.00
2025-04-23T13:00,19.5,46,0.00,0.00
2025-04-23T14:00,20.4,42,0.00,0.00
2025-04-23T15:00,22.2,32,0.00,0.00
2025-04-23T16:00,22.1,30,0.00,0.00
2025-04-23T17:00,21.6,31,0.00,0.00
2025-04-23T18:00,20.3,37,0.00,0.00
2025-04-23T19:00,18.9,44,0.00,0.00
2025-04-23T20:00,17.1,52,0.00,0.00
2025-04-23T21:00,15.9,56,0.00,0.00
2025-04-23T22:00,14.8,60,0.00,0.00
2025-04-23T23:00,13.3,69,0.00,0.00
2025-04-24T00:00,12.8,73,0.00,0.00
2025-04-24T01:00,12.1,81,0.00,0.00
2025-04-24T02:00,11.1,90,0.00,0.00
2025-04-24T03:00,10.4,95,0.00,0.00
2025-04-24T04:00,10.0,94,0.00,0.00
2025-04-24T05:00,9.7,94,0.00,0.00
2025-04-24T06:00,9.4,93,0.00,0.00
2025-04-24T07:00,10.2,88,0.00,0.00
2025-04-24T08:00,11.9,83,0.00,0.00
2025-04-24T09:00,13.7,76,0.00,0.00
2025-04-24T10:00,15.6,68,0.00,0.00
2025-04-24T11:00,17.9,56,0.00,0.00
2025-04-24T12:00,19.2,51,0.00,0.00
2025-04-24T13:00,20.7,44,0.00,0.00
2025-04-24T14:00,21.4,37,0.00,0.00
2025-04-24T15:00,22.1,34,0.00,0.00
2025-04-24T16:00,22.9,30,0.00,0.00
2025-04-24T17:00,22.2,32,0.00,0.00
2025-04-24T18:00,19.6,46,0.00,0.00
2025-04-24T19:00,17.5,48,0.00,0.00
2025-04-24T20:00,15.3,53,0.00,0.00
2025-04-24T21:00,14.1,52,0.00,0.00
2025-04-24T22:00,12.5,66,0.00,0.00
2025-04-24T23:00,11.3,81,0.00,0.00
2025-04-25T00:00,10.4,84,0.00,0.00
2025-04-25T01:00,9.8,83,0.00,0.00
2025-04-25T02:00,9.3,83,0.00,0.00
2025-04-25T03:00,8.2,94,0.00,0.00
2025-04-25T04:00,8.3,93,0.00,0.00
2025-04-25T05:00,8.1,93,0.00,0.00
2025-04-25T06:00,8.1,85,0.00,0.00
2025-04-25T07:00,9.1,77,0.00,0.00
2025-04-25T08:00,11.6,63,0.00,0.00
2025-04-25T09:00,12.8,57,0.00,0.00
2025-04-25T10:00,14.2,49,0.00,0.00
2025-04-25T11:00,15.1,44,0.00,0.00
2025-04-25T12:00,14.7,48,0.00,0.00
2025-04-25T13:00,14.8,48,0.00,0.00
2025-04-25T14:00,15.0,49,0.00,0.00
2025-04-25T15:00,14.7,53,0.00,0.00
2025-04-25T16:00,14.8,51,0.00,0.00
2025-04-25T17:00,14.1,53,0.00,0.00
2025-04-25T18:00,13.0,57,0.00,0.00
2025-04-25T19:00,12.0,61,0.00,0.00
2025-04-25T20:00,10.4,71,0.00,0.00
2025-04-25T21:00,9.6,76,0.00,0.00
2025-04-25T22:00,8.2,83,0.00,0.00
2025-04-25T23:00,7.5,87,0.00,0.00
2025-04-26T00:00,7.2,86,0.00,0.00
2025-04-26T01:00,7.4,86,0.00,0.00
2025-04-26T02:00,7.8,85,0.00,0.00
2025-04-26T03:00,7.3,87,0.00,0.00
2025-04-26T04:00,6.8,89,0.00,0.00
2025-04-26T05:00,7.6,85,0.00,0.00
2025-04-26T06:00,7.2,91,0.00,0.00
2025-04-26T07:00,8.1,91,0.00,0.00
2025-04-26T08:00,9.3,89,0.40,0.00
2025-04-26T09:00,10.7,77,0.00,0.00
2025-04-26T10:00,10.6,77,0.10,0.00
2025-04-26T11:00,10.6,76,0.50,0.00
2025-04-26T12:00,12.0,69,0.00,0.00
2025-04-26T13:00,12.7,65,0.00,0.00
2025-04-26T14:00,13.0,64,0.00,0.00
2025-04-26T15:00,13.1,62,0.00,0.00
2025-04-26T16:00,13.1,64,0.00,0.00
2025-04-26T17:00,13.3,60,0.00,0.00
2025-04-26T18:00,12.8,61,0.00,0.00
2025-04-26T19:00,12.0,67,0.00,0.00
2025-04-26T20:00,10.0,81,0.00,0.00
2025-04-26T21:00,8.5,89,0.00,0.00
2025-04-26T22:00,7.5,91,0.00,0.00
2025-04-26T23:00,6.6,93,0.00,0.00
2025-04-27T00:00,6.4,92,0.00,0.00
2025-04-27T01:00,6.0,92,0.00,0.00
2025-04-27T02:00,5.7,93,0.00,0.00
2025-04-27T03:00,5.8,92,0.00,0.00
2025-04-27T04:00,5.2,94,0.00,0.00
2025-04-27T05:00,4.8,94,0.00,0.00
2025-04-27T06:00,4.3,94,0.00,0.00
2025-04-27T07:00,5.3,92,0.00,0.00
2025-04-27T08:00,8.8,87,0.00,0.00
2025-04-27T09:00,11.7,72,0.00,0.00
2025-04-27T10:00,13.1,63,0.00,0.00
2025-04-27T11:00,13.9,60,0.00,0.00
2025-04-27T12:00,14.6,51,0.00,0.00
2025-04-27T13:00,14.6,52,0.00,0.00
2025-04-27T14:00,14.5,60,0.00,0.00
2025-04-27T15:00,15.8,48,0.00,0.00
2025-04-27T16:00,16.1,43,0.00,0.00
2025-04-27T17:00,15.9,43,0.00,0.00
2025-04-27T18:00,14.3,54,0.00,0.00
2025-04-27T19:00,13.3,59,0.00,0.00
2025-04-27T20:00,11.5,73,0.00,0.00
2025-04-27T21:00,10.5,78,0.00,0.00
2025-04-27T22:00,9.6,77,0.00,0.00
2025-04-27T23:00,8.6,81,0.00,0.00
2025-04-28T00:00,7.9,88,0.00,0.00
2025-04-28T01:00,7.3,90,0.00,0.00
2025-04-28T02:00,6.7,89,0.00,0.00
2025-04-28T03:00,6.2,89,0.00,0.00
2025-04-28T04:00,5.7,90,0.00,0.00
2025-04-28T05:00,5.4,89,0.00,0.00
2025-04-28T06:00,5.0,91,0.00,0.00
2025-04-28T07:00,5.8,86,0.00,0.00
2025-04-28T08:00,6.9,81,0.00,0.00
2025-04-28T09:00,9.0,71,0.00,0.00
2025-04-28T10:00,10.5,64,0.00,0.00
2025-04-28T11:00,11.2,64,0.00,0.00
2025-04-28T12:00,12.3,58,0.00,0.00
2025-04-28T13:00,13.3,52,0.00,0.00
2025-04-28T14:00,13.7,50,0.00,0.00
2025-04-28T15:00,14.1,48,0.00,0.00
2025-04-28T16:00,14.0,47,0.00,0.00
2025-04-28T17:00,13.1,49,0.00,0.00
2025-04-28T18:00,11.8,51,0.00,0.00
2025-04-28T19:00,10.0,55,0.00,0.00
2025-04-28T20:00,8.4,58,0.00,0.00
2025-04-28T21:00,7.4,62,0.00,0.00
2025-04-28T22:00,6.5,66,0.00,0.00
2025-04-28T23:00,5.7,70,0.00,0.00
2025-04-29T00:00,4.9,73,0.00,0.00
2025-04-29T01:00,4.2,75,0.00,0.00
2025-04-29T02:00,3.5,78,0.00,0.00
2025-04-29T03:00,2.8,81,0.00,0.00
2025-04-29T04:00,2.4,83,0.00,0.00
2025-04-29T05:00,1.9,85,0.00,0.00
2025-04-29T06:00,1.2,88,0.00,0.00
2025-04-29T07:00,1.7,85,0.00,0.00
2025-04-29T08:00,3.2,79,0.00,0.00
2025-04-29T09:00,5.5,72,0.00,0.00
2025-04-29T10:00,7.4,67,0.00,0.00
2025-04-29T11:00,9.6,63,0.00,0.00
2025-04-29T12:00,10.7,62,0.00,0.00
2025-04-29T13:00,12.1,60,0.00,0.00
2025-04-29T14:00,12.7,61,0.00,0.00
2025-04-29T15:00,15.1,53,0.00,0.00
2025-04-29T16:00,13.9,63,0.00,0.00
2025-04-29T17:00,13.6,62,0.00,0.00
2025-04-29T18:00,13.8,59,0.00,0.00
2025-04-29T19:00,12.3,66,0.00,0.00
2025-04-29T20:00,10.5,75,0.00,0.00
2025-04-29T21:00,9.8,78,0.00,0.00
2025-04-29T22:00,9.0,81,0.00,0.00
2025-04-29T23:00,8.5,83,0.00,0.00
2025-04-30T00:00,8.1,85,0.00,0.00
2025-04-30T01:00,7.5,87,0.00,0.00
2025-04-30T02:00,7.1,87,0.00,0.00
2025-04-30T03:00,6.1,89,0.00,0.00
2025-04-30T04:00,6.0,88,0.00,0.00
2025-04-30T05:00,5.5,90,0.00,0.00
2025-04-30T06:00,5.2,91,0.00,0.00
2025-04-30T07:00,5.9,89,0.00,0.00
2025-04-30T08:00,8.1,80,0.00,0.00
2025-04-30T09:00,10.3,71,0.00,0.00
2025-04-30T10:00,12.5,66,0.00,0.00
2025-04-30T11:00,14.4,62,0.00,0.00
2025-04-30T12:00,15.5,59,0.00,0.00
2025-04-30T13:00,16.4,55,0.00,0.00
2025-04-30T14:00,17.2,50,0.00,0.00
2025-04-30T15:00,19.4,40,0.00,0.00
2025-04-30T16:00,19.2,41,0.00,0.00
2025-04-30T17:00,19.5,38,0.00,0.00
2025-04-30T18:00,18.7,43,0.00,0.00
2025-04-30T19:00,17.6,53,0.00,0.00
2025-04-30T20:00,15.9,56,0.00,0.00
2025-04-30T21:00,13.7,72,0.00,0.00
2025-04-30T22:00,12.6,77,0.00,0.00
2025-04-30T23:00,12.5,77,0.00,0.00
2025-05-01T00:00,12.8,80,0.00,0.00
2025-05-01T01:00,11.9,83,0.10,0.00
2025-05-01T02:00,12.6,76,1.30,0.00
2025-05-01T03:00,12.1,79,2.50,0.00
2025-05-01T04:00,11.1,89,0.00,0.00
2025-05-01T05:00,10.7,89,0.00,0.00
2025-05-01T06:00,10.7,86,0.00,0.00
2025-05-01T07:00,11.3,83,0.00,0.00
2025-05-01T08:00,12.2,80,0.00,0.00
2025-05-01T09:00,13.4,76,0.00,0.00
2025-05-01T10:00,13.3,80,0.10,0.00
2025-05-01T11:00,13.8,77,0.10,0.00
2025-05-01T12:00,14.6,71,0.00,0.00
2025-05-01T13:00,16.1,59,0.00,0.00
2025-05-01T14:00,17.2,52,0.00,0.00
2025-05-01T15:00,16.7,57,0.00,0.00
2025-05-01T16:00,17.2,54,0.00,0.00
2025-05-01T17:00,17.2,53,0.00,0.00
2025-05-01T18:00,16.8,50,0.00,0.00
2025-05-01T19:00,15.2,54,0.00,0.00
2025-05-01T20:00,13.3,61,0.00,0.00
2025-05-01T21:00,12.6,62,0.00,0.00
2025-05-01T22:00,11.9,71,0.00,0.00
2025-05-01T23:00,11.4,71,0.00,0.00
2025-05-02T00:00,11.1,69,0.00,0.00
2025-05-02T01:00,10.5,73,0.00,0.00
2025-05-02T02:00,9.9,78,0.00,0.00
2025-05-02T03:00,8.9,83,0.00,0.00
2025-05-02T04:00,8.1,86,0.00,0.00
2025-05-02T05:00,7.8,86,0.00,0.00
2025-05-02T06:00,8.0,83,0.00,0.00
2025-05-02T07:00,8.8,81,0.00,0.00
2025-05-02T08:00,10.2,79,0.00,0.00
2025-05-02T09:00,12.2,67,0.00,0.00
2025-05-02T10:00,13.6,60,0.00,0.00
2025-05-02T11:00,14.9,53,0.00,0.00
2025-05-02T12:00,16.0,42,0.00,0.00
2025-05-02T13:00,16.8,38,0.00,0.00
2025-05-02T14:00,17.6,34,0.00,0.00
2025-05-02T15:00,17.6,38,0.00,0.00
2025-05-02T16:00,17.6,38,0.00,0.00
2025-05-02T17:00,16.8,41,0.00,0.00
2025-05-02T18:00,15.4,48,0.00,0.00
2025-05-02T19:00,13.5,70,0.00,0.00
2025-05-02T20:00,11.9,83,0.00,0.00
2025-05-02T21:00,10.5,91,0.00,0.00
2025-05-02T22:00,9.7,94,0.00,0.00
2025-05-02T23:00,9.6,93,0.00,0.00
2025-05-03T00:00,9.7,93,0.00,0.00
2025-05-03T01:00,9.3,93,0.00,0.00
2025-05-03T02:00,8.9,94,0.00,0.00
2025-05-03T03:00,8.3,93,0.00,0.00
2025-05-03T04:00,8.2,95,0.00,0.00
2025-05-03T05:00,8.2,94,0.00,0.00
2025-05-03T06:00,8.4,93,0.00,0.00
2025-05-03T07:00,8.5,87,0.00,0.00
2025-05-03T08:00,8.5,83,0.00,0.00
2025-05-03T09:00,9.4,78,0.00,0.00
2025-05-03T10:00,10.7,73,0.00,0.00
2025-05-03T11:00,12.1,66,0.00,0.00
2025-05-03T12:00,12.5,62,0.00,0.00
2025-05-03T13:00,13.6,59,0.00,0.00
2025-05-03T14:00,13.8,59,0.00,0.00
2025-05-03T15:00,14.6,49,0.00,0.00
2025-05-03T16:00,15.0,47,0.00,0.00
2025-05-03T17:00,14.9,45,0.00,0.00
2025-05-03T18:00,13.8,50,0.00,0.00
2025-05-03T19:00,12.6,57,0.00,0.00
2025-05-03T20:00,11.3,64,0.00,0.00
2025-05-03T21:00,10.2,70,0.00,0.00
2025-05-03T22:00,9.2,73,0.00,0.00
2025-05-03T23:00,8.6,74,0.00,0.00
2025-05-04T00:00,8.1,75,0.00,0.00
2025-05-04T01:00,7.5,77,0.00,0.00
2025-05-04T02:00,7.0,79,0.00,0.00
2025-05-04T03:00,6.1,82,0.00,0.00
2025-05-04T04:00,5.6,85,0.00,0.00
2025-05-04T05:00,5.2,87,0.00,0.00
2025-05-04T06:00,4.5,88,0.00,0.00
2025-05-04T07:00,5.5,85,0.00,0.00
2025-05-04T08:00,7.4,76,0.00,0.00
2025-05-04T09:00,9.8,69,0.00,0.00
2025-05-04T10:00,11.9,63,0.00,0.00
2025-05-04T11:00,13.9,56,0.00,0.00
2025-05-04T12:00,14.6,51,0.00,0.00
2025-05-04T13:00,15.2,55,0.00,0.00
2025-05-04T14:00,15.6,50,0.00,0.00
2025-05-04T15:00,16.6,42,0.00,0.00
2025-05-04T16:00,16.5,42,0.00,0.00
2025-05-04T17:00,16.8,38,0.00,0.00
2025-05-04T18:00,15.8,47,0.00,0.00
2025-05-04T19:00,15.1,50,0.00,0.00
2025-05-04T20:00,13.5,57,0.00,0.00
2025-05-04T21:00,12.5,62,0.00,0.00
2025-05-04T22:00,11.0,69,0.00,0.00
2025-05-04T23:00,9.9,73,0.00,0.00
2025-05-05T00:00,8.8,80,0.00,0.00
2025-05-05T01:00,8.0,85,0.00,0.00
2025-05-05T02:00,7.3,87,0.00,0.00
2025-05-05T03:00,6.6,90,0.00,0.00
2025-05-05T04:00,6.1,92,0.00,0.00
2025-05-05T05:00,5.9,92,0.00,0.00
2025-05-05T06:00,5.6,93,0.00,0.00
2025-05-05T07:00,6.9,90,0.00,0.00
2025-05-05T08:00,11.1,81,0.00,0.00
2025-05-05T09:00,14.4,57,0.00,0.00
2025-05-05T10:00,15.9,47,0.00,0.00
2025-05-05T11:00,16.9,41,0.00,0.00
2025-05-05T12:00,17.8,38,0.00,0.00
2025-05-05T13:00,18.8,31,0.00,0.00
2025-05-05T14:00,19.4,28,0.00,0.00
2025-05-05T15:00,19.7,24,0.00,0.00
2025-05-05T16:00,19.6,23,0.00,0.00
2025-05-05T17:00,19.2,21,0.00,0.00
2025-05-05T18:00,18.9,21,0.00,0.00
2025-05-05T19:00,17.5,23,0.00,0.00
2025-05-05T20:00,15.1,29,0.00,0.00
2025-05-05T21:00,13.6,28,0.00,0.00
2025-05-05T22:00,12.5,26,0.00,0.00
2025-05-05T23:00,11.5,33,0.00,0.00
2025-05-06T00:00,11.3,37,0.00,0.00
2025-05-06T01:00,10.9,37,0.00,0.00
2025-05-06T02:00,10.5,40,0.00,0.00
2025-05-06T03:00,10.6,40,0.00,0.00
2025-05-06T04:00,9.6,44,0.00,0.00
2025-05-06T05:00,8.9,47,0.00,0.00
2025-05-06T06:00,8.0,53,0.00,0.00
2025-05-06T07:00,9.6,55,0.00,0.00
2025-05-06T08:00,13.9,50,0.00,0.00
2025-05-06T09:00,17.1,35,0.00,0.00
2025-05-06T10:00,18.7,34,0.00,0.00
2025-05-06T11:00,20.0,33,0.00,0.00
2025-05-06T12:00,20.0,33,0.00,0.00
2025-05-06T13:00,20.3,36,0.00,0.00
2025-05-06T14:00,20.1,36,0.00,0.00
2025-05-06T15:00,22.1,27,0.00,0.00
2025-05-06T16:00,21.7,29,0.00,0.00
2025-05-06T17:00,21.6,29,0.00,0.00
2025-05-06T18:00,20.9,32,0.00,0.00
2025-05-06T19:00,19.9,37,0.00,0.00
2025-05-06T20:00,18.4,44,0.00,0.00
2025-05-06T21:00,15.9,51,0.00,0.00
2025-05-06T22:00,15.1,52,0.00,0.00
2025-05-06T23:00,14.3,56,0.00,0.00
2025-05-07T00:00,13.3,63,0.00,0.00
2025-05-07T01:00,12.9,64,0.00,0.00
2025-05-07T02:00,13.3,62,0.00,0.00
2025-05-07T03:00,12.7,63,0.00,0.00
2025-05-07T04:00,12.4,65,0.00,0.00
2025-05-07T05:00,13.2,60,0.00,0.00
2025-05-07T06:00,12.4,66,0.00,0.00
2025-05-07T07:00,13.7,65,0.00,0.00
2025-05-07T08:00,16.9,55,0.00,0.00
2025-05-07T09:00,19.1,48,0.00,0.00
2025-05-07T10:00,20.7,43,0.00,0.00
2025-05-07T11:00,21.7,38,0.00,0.00
2025-05-07T12:00,22.7,34,0.00,0.00
2025-05-07T13:00,23.6,31,0.00,0.00
2025-05-07T14:00,24.3,28,0.00,0.00
2025-05-07T15:00,23.8,30,0.00,0.00
2025-05-07T16:00,24.2,28,0.00,0.00
2025-05-07T17:00,23.8,28,0.00,0.00
2025-05-07T18:00,22.8,28,0.00,0.00
2025-05-07T19:00,21.1,35,0.00,0.00
2025-05-07T20:00,19.1,42,0.00,0.00
2025-05-07T21:00,16.8,54,0.00,0.00
2025-05-07T22:00,16.2,56,0.00,0.00
2025-05-07T23:00,14.9,62,0.00,0.00
2025-05-08T00:00,14.5,63,0.00,0.00
2025-05-08T01:00,14.5,60,0.00,0.00
2025-05-08T02:00,14.3,60,0.00,0.00
2025-05-08T03:00,14.2,59,0.00,0.00
2025-05-08T04:00,14.3,56,0.00,0.00
2025-05-08T05:00,13.9,58,0.00,0.00
2025-05-08T06:00,12.6,65,0.00,0.00
2025-05-08T07:00,13.9,64,0.00,0.00
2025-05-08T08:00,17.3,52,0.00,0.00
2025-05-08T09:00,18.6,44,0.00,0.00
2025-05-08T10:00,20.3,40,0.00,0.00
2025-05-08T11:00,21.5,35,0.00,0.00
2025-05-08T12:00,20.9,37,0.00,0.00
2025-05-08T13:00,21.0,36,0.00,0.00
2025-05-08T14:00,20.1,42,0.00,0.00
2025-05-08T15:00,19.1,44,0.00,0.00
2025-05-08T16:00,18.9,47,0.00,0.00
2025-05-08T17:00,18.3,50,0.00,0.00
2025-05-08T18:00,18.2,52,0.00,0.00
2025-05-08T19:00,17.0,60,0.00,0.00
2025-05-08T20:00,14.9,71,0.00,0.00
2025-05-08T21:00,13.5,76,0.00,0.00
2025-05-08T22:00,12.5,78,0.00,0.00
2025-05-08T23:00,12.2,75,0.00,0.00
2025-05-09T00:00,12.0,71,0.00,0.00
2025-05-09T01:00,12.1,70,0.00,0.00
2025-05-09T02:00,12.2,68,0.00,0.00
2025-05-09T03:00,11.9,73,0.00,0.00
2025-05-09T04:00,11.3,74,0.00,0.00
2025-05-09T05:00,10.7,76,0.00,0.00
2025-05-09T06:00,10.1,79,0.00,0.00
2025-05-09T07:00,11.8,77,0.00,0.00
2025-05-09T08:00,16.2,59,0.00,0.00
2025-05-09T09:00,19.1,47,0.00,0.00
2025-05-09T10:00,21.1,41,0.00,0.00
2025-05-09T11:00,22.5,35,0.00,0.00
2025-05-09T12:00,23.8,28,0.00,0.00
2025-05-09T13:00,24.8,27,0.00,0.00
2025-05-09T14:00,25.1,31,0.00,0.00
2025-05-09T15:00,25.5,25,0.00,0.00
2025-05-09T16:00,25.4,24,0.00,0.00
2025-05-09T17:00,25.0,24,0.00,0.00
2025-05-09T18:00,24.5,24,0.00,0.00
2025-05-09T19:00,22.9,26,0.00,0.00
2025-05-09T20:00,20.2,31,0.00,0.00
2025-05-09T21:00,18.7,35,0.00,0.00
2025-05-09T22:00,17.7,40,0.00,0.00
2025-05-09T23:00,16.1,47,0.00,0.00
2025-05-10T00:00,15.1,52,0.00,0.00
2025-05-10T01:00,14.0,56,0.00,0.00
2025-05-10T02:00,12.9,59,0.00,0.00
2025-05-10T03:00,12.3,66,0.00,0.00
2025-05-10T04:00,12.0,66,0.00,0.00
2025-05-10T05:00,12.0,66,0.00,0.00
2025-05-10T06:00,12.0,65,0.00,0.00
2025-05-10T07:00,14.0,61,0.00,0.00
2025-05-10T08:00,17.6,47,0.00,0.00
2025-05-10T09:00,19.5,42,0.00,0.00
2025-05-10T10:00,21.8,35,0.00,0.00
2025-05-10T11:00,23.9,32,0.00,0.00
2025-05-10T12:00,25.0,29,0.00,0.00
2025-05-10T13:00,26.5,24,0.00,0.00
2025-05-10T14:00,26.9,21,0.00,0.00
2025-05-10T15:00,27.0,18,0.00,0.00
2025-05-10T16:00,26.5,18,0.00,0.00
2025-05-10T17:00,25.8,19,0.00,0.00
2025-05-10T18:00,22.9,31,0.00,0.00
2025-05-10T19:00,21.1,39,0.00,0.00
2025-05-10T20:00,19.0,51,0.00,0.00
2025-05-10T21:00,17.3,63,0.00,0.00
2025-05-10T22:00,16.7,64,0.00,0.00
2025-05-10T23:00,15.3,74,0.00,0.00
2025-05-11T00:00,14.3,79,0.00,0.00
2025-05-11T01:00,13.9,80,0.00,0.00
2025-05-11T02:00,14.1,75,0.00,0.00
2025-05-11T03:00,13.4,79,0.00,0.00
2025-05-11T04:00,13.4,75,0.00,0.00
2025-05-11T05:00,13.0,74,0.00,0.00
2025-05-11T06:00,12.4,77,0.00,0.00
2025-05-11T07:00,13.8,76,0.00,0.00
2025-05-11T08:00,17.4,62,0.00,0.00
2025-05-11T09:00,19.7,51,0.00,0.00
2025-05-11T10:00,22.1,38,0.00,0.00
2025-05-11T11:00,23.0,34,0.00,0.00
2025-05-11T12:00,24.1,31,0.00,0.00
2025-05-11T13:00,25.0,27,0.00,0.00
2025-05-11T14:00,25.3,25,0.00,0.00
2025-05-11T15:00,26.2,18,0.00,0.00
2025-05-11T16:00,25.4,23,0.00,0.00
2025-05-11T17:00,23.0,31,0.00,0.00
2025-05-11T18:00,23.1,29,0.00,0.00
2025-05-11T19:00,19.7,40,0.00,0.00
2025-05-11T20:00,16.6,60,0.00,0.00
2025-05-11T21:00,14.9,81,0.00,0.00
2025-05-11T22:00,14.0,87,0.00,0.00
2025-05-11T23:00,13.5,90,0.00,0.00
2025-05-12T00:00,12.9,91,0.00,0.00
2025-05-12T01:00,12.6,91,0.00,0.00
2025-05-12T02:00,12.6,89,0.00,0.00
2025-05-12T03:00,12.5,88,0.00,0.00
2025-05-12T04:00,12.1,92,0.00,0.00
2025-05-12T05:00,12.3,88,0.00,0.00
2025-05-12T06:00,12.1,89,0.00,0.00
2025-05-12T07:00,12.9,87,0.00,0.00
2025-05-12T08:00,14.5,83,0.00,0.00
2025-05-12T09:00,16.2,76,0.00,0.00
2025-05-12T10:00,15.9,77,0.00,0.00
2025-05-12T11:00,17.5,68,0.00,0.00
2025-05-12T12:00,19.6,56,0.00,0.00
2025-05-12T13:00,20.0,54,0.00,0.00
2025-05-12T14:00,19.9,53,0.00,0.00
2025-05-12T15:00,22.4,42,0.00,0.00
2025-05-12T16:00,20.4,49,0.00,0.00
2025-05-12T17:00,18.4,60,0.00,0.00
2025-05-12T18:00,17.0,67,0.00,0.00
2025-05-12T19:00,14.1,85,0.00,0.00
2025-05-12T20:00,13.6,87,0.00,0.00
2025-05-12T21:00,13.5,89,0.00,0.00
2025-05-12T22:00,13.3,88,0.00,0.00
2025-05-12T23:00,13.1,89,0.10,0.00
2025-05-13T00:00,12.4,89,0.10,0.00
2025-05-13T01:00,12.1,90,0.00,0.00
2025-05-13T02:00,11.8,93,0.00,0.00
2025-05-13T03:00,11.2,93,0.00,0.00
2025-05-13T04:00,10.2,92,0.00,0.00
2025-05-13T05:00,9.9,90,0.00,0.00
2025-05-13T06:00,9.5,90,0.00,0.00
2025-05-13T07:00,9.9,88,0.00,0.00
2025-05-13T08:00,10.7,83,0.00,0.00
2025-05-13T09:00,11.8,79,0.00,0.00
2025-05-13T10:00,13.1,71,0.00,0.00
2025-05-13T11:00,13.6,71,0.00,0.00
2025-05-13T12:00,14.0,66,0.00,0.00
2025-05-13T13:00,14.7,60,0.00,0.00
2025-05-13T14:00,15.2,57,0.00,0.00
2025-05-13T15:00,15.0,54,0.00,0.00
2025-05-13T16:00,14.8,54,0.00,0.00
2025-05-13T17:00,14.1,58,0.00,0.00
2025-05-13T18:00,13.8,57,0.00,0.00
2025-05-13T19:00,13.2,57,0.00,0.00
2025-05-13T20:00,11.7,62,0.00,0.00
2025-05-13T21:00,10.1,70,0.00,0.00
2025-05-13T22:00,9.1,73,0.00,0.00
2025-05-13T23:00,8.0,80,0.00,0.00
2025-05-14T00:00,7.1,82,0.00,0.00
2025-05-14T01:00,6.3,81,0.00,0.00
2025-05-14T02:00,5.7,81,0.00,0.00
2025-05-14T03:00,5.0,82,0.00,0.00
2025-05-14T04:00,4.6,83,0.00,0.00
2025-05-14T05:00,4.2,85,0.00,0.00
2025-05-14T06:00,3.5,90,0.00,0.00
2025-05-14T07:00,4.8,85,0.00,0.00
2025-05-14T08:00,6.5,73,0.00,0.00
2025-05-14T09:00,8.5,67,0.00,0.00
2025-05-14T10:00,10.5,61,0.00,0.00
2025-05-14T11:00,12.5,53,0.00,0.00
2025-05-14T12:00,14.0,47,0.00,0.00
2025-05-14T13:00,14.9,44,0.00,0.00
2025-05-14T14:00,15.4,45,0.00,0.00
2025-05-14T15:00,16.3,40,0.00,0.00
2025-05-14T16:00,16.3,39,0.00,0.00
2025-05-14T17:00,16.2,38,0.00,0.00
2025-05-14T18:00,15.7,40,0.00,0.00
2025-05-14T19:00,14.9,43,0.00,0.00
2025-05-14T20:00,12.9,56,0.00,0.00
2025-05-14T21:00,11.0,71,0.00,0.00
2025-05-14T22:00,9.6,83,0.00,0.00
2025-05-14T23:00,9.0,89,0.30,0.00
2025-05-15T00:00,8.3,90,2.10,0.00
2025-05-15T01:00,7.9,93,0.00,0.00
2025-05-15T02:00,7.6,94,0.00,0.00
2025-05-15T03:00,7.2,94,0.00,0.00
2025-05-15T04:00,7.1,94,0.00,0.00
2025-05-15T05:00,7.1,92,0.00,0.00
2025-05-15T06:00,7.0,93,0.00,0.00
2025-05-15T07:00,7.4,90,0.00,0.00
2025-05-15T08:00,8.3,84,0.00,0.00
2025-05-15T09:00,9.6,75,0.00,0.00
2025-05-15T10:00,11.0,64,0.00,0.00
2025-05-15T11:00,12.5,57,0.00,0.00
2025-05-15T12:00,13.2,50,0.00,0.00
2025-05-15T13:00,14.3,46,0.00,0.00
2025-05-15T14:00,14.9,42,0.00,0.00
2025-05-15T15:00,15.5,41,0.00,0.00
2025-05-15T16:00,15.6,41,0.00,0.00
2025-05-15T17:00,15.7,38,0.00,0.00
2025-05-15T18:00,16.2,34,0.00,0.00
2025-05-15T19:00,15.2,42,0.00,0.00
2025-05-15T20:00,12.9,55,0.00,0.00
2025-05-15T21:00,12.1,53,0.00,0.00
2025-05-15T22:00,11.3,55,0.00,0.00
2025-05-15T23:00,10.1,57,0.00,0.00
2025-05-16T00:00,9.5,58,0.00,0.00
2025-05-16T01:00,8.6,61,0.00,0.00
2025-05-16T02:00,7.7,65,0.00,0.00
2025-05-16T03:00,6.8,71,0.00,0.00
2025-05-16T04:00,6.3,73,0.00,0.00
2025-05-16T05:00,6.0,74,0.00,0.00
2025-05-16T06:00,6.1,76,0.00,0.00
2025-05-16T07:00,8.1,73,0.00,0.00
2025-05-16T08:00,12.0,57,0.00,0.00
2025-05-16T09:00,14.3,49,0.00,0.00
2025-05-16T10:00,16.3,45,0.00,0.00
2025-05-16T11:00,18.4,38,0.00,0.00
2025-05-16T12:00,19.6,32,0.00,0.00
2025-05-16T13:00,21.1,29,0.00,0.00
2025-05-16T14:00,22.3,25,0.00,0.00
2025-05-16T15:00,23.0,23,0.00,0.00
2025-05-16T16:00,23.5,25,0.00,0.00
2025-05-16T17:00,23.4,27,0.00,0.00
2025-05-16T18:00,23.4,29,0.00,0.00
2025-05-16T19:00,21.2,42,0.00,0.00
2025-05-16T20:00,19.0,44,0.00,0.00
2025-05-16T21:00,17.8,47,0.00,0.00
2025-05-16T22:00,16.8,51,0.00,0.00
2025-05-16T23:00,16.4,52,0.00,0.00
2025-05-17T00:00,16.1,53,0.00,0.00
2025-05-17T01:00,15.8,51,0.00,0.00
2025-05-17T02:00,15.7,49,0.00,0.00
2025-05-17T03:00,15.1,52,0.00,0.00
2025-05-17T04:00,14.7,54,0.00,0.00
2025-05-17T05:00,14.4,56,0.00,0.00
2025-05-17T06:00,13.2,64,0.00,0.00
2025-05-17T07:00,14.7,63,0.00,0.00
2025-05-17T08:00,18.6,46,0.00,0.00
2025-05-17T09:00,21.3,35,0.00,0.00
2025-05-17T10:00,23.9,31,0.00,0.00
2025-05-17T11:00,26.6,27,0.00,0.00
2025-05-17T12:00,27.8,23,0.00,0.00
2025-05-17T13:00,28.7,21,0.00,0.00
2025-05-17T14:00,29.4,18,0.00,0.00
2025-05-17T15:00,29.4,15,0.00,0.00
2025-05-17T16:00,29.0,18,0.00,0.00
2025-05-17T17:00,29.1,17,0.00,0.00
2025-05-17T18:00,27.5,12,0.00,0.00
2025-05-17T19:00,25.4,15,0.00,0.00
2025-05-17T20:00,22.6,18,0.00,0.00
2025-05-17T21:00,21.1,23,0.00,0.00
2025-05-17T22:00,20.0,25,0.00,0.00
2025-05-17T23:00,19.3,26,0.00,0.00
2025-05-18T00:00,19.1,26,0.00,0.00
2025-05-18T01:00,17.8,31,0.00,0.00
2025-05-18T02:00,16.8,36,0.00,0.00
2025-05-18T03:00,16.5,40,0.00,0.00
2025-05-18T04:00,15.8,46,0.00,0.00
2025-05-18T05:00,15.1,51,0.00,0.00
2025-05-18T06:00,14.4,58,0.00,0.00
2025-05-18T07:00,15.1,63,0.00,0.00
2025-05-18T08:00,17.7,53,0.00,0.00
2025-05-18T09:00,18.8,49,0.00,0.00
2025-05-18T10:00,19.8,47,0.00,0.00
2025-05-18T11:00,21.0,43,0.00,0.00
2025-05-18T12:00,22.0,37,0.00,0.00
2025-05-18T13:00,23.1,31,0.00,0.00
2025-05-18T14:00,23.6,30,0.00,0.00
2025-05-18T15:00,24.4,26,0.00,0.00
2025-05-18T16:00,23.7,24,0.00,0.00
2025-05-18T17:00,22.7,27,0.00,0.00
2025-05-18T18:00,21.6,30,0.00,0.00
2025-05-18T19:00,20.4,31,0.00,0.00
2025-05-18T20:00,18.7,35,0.00,0.00
2025-05-18T21:00,15.2,56,0.00,0.00
2025-05-18T22:00,13.9,58,0.00,0.00
2025-05-18T23:00,12.9,62,0.00,0.00
2025-05-19T00:00,12.0,64,0.00,0.00
2025-05-19T01:00,11.4,68,0.00,0.00
2025-05-19T02:00,10.9,71,0.00,0.00
2025-05-19T03:00,10.0,73,0.00,0.00
2025-05-19T04:00,9.7,75,0.00,0.00
2025-05-19T05:00,9.2,75,0.00,0.00
2025-05-19T06:00,8.3,74,0.00,0.00
2025-05-19T07:00,9.4,70,0.00,0.00
2025-05-19T08:00,11.2,55,0.00,0.00
2025-05-19T09:00,13.3,45,0.00,0.00
2025-05-19T10:00,15.2,37,0.00,0.00
2025-05-19T11:00,17.1,31,0.00,0.00
2025-05-19T12:00,18.1,26,0.00,0.00
2025-05-19T13:00,19.3,23,0.00,0.00
2025-05-19T14:00,20.1,20,0.00,0.00
2025-05-19T15:00,20.5,19,0.00,0.00
2025-05-19T16:00,20.6,19,0.00,0.00
2025-05-19T17:00,20.3,20,0.00,0.00
2025-05-19T18:00,19.8,20,0.00,0.00
2025-05-19T19:00,18.7,21,0.00,0.00
2025-05-19T20:00,16.7,26,0.00,0.00
2025-05-19T21:00,15.5,32,0.00,0.00
2025-05-19T22:00,15.1,30,0.00,0.00
2025-05-19T23:00,14.6,30,0.00,0.00
2025-05-20T00:00,13.3,33,0.00,0.00
2025-05-20T01:00,12.1,34,0.00,0.00
2025-05-20T02:00,10.3,36,0.00,0.00
2025-05-20T03:00,8.0,51,0.00,0.00
2025-05-20T04:00,7.4,51,0.00,0.00
2025-05-20T05:00,7.4,50,0.00,0.00
2025-05-20T06:00,6.9,56,0.00,0.00
2025-05-20T07:00,9.0,57,0.00,0.00
2025-05-20T08:00,13.7,44,0.00,0.00
2025-05-20T09:00,17.0,30,0.00,0.00
2025-05-20T10:00,19.3,25,0.00,0.00
2025-05-20T11:00,20.7,25,0.00,0.00
2025-05-20T12:00,21.9,26,0.00,0.00
2025-05-20T13:00,22.7,25,0.00,0.00
2025-05-20T14:00,22.7,23,0.00,0.00
2025-05-20T15:00,23.3,21,0.00,0.00
2025-05-20T16:00,22.7,22,0.00,0.00
2025-05-20T17:00,22.2,22,0.00,0.00
2025-05-20T18:00,21.7,24,0.00,0.00
2025-05-20T19:00,20.2,24,0.00,0.00
2025-05-20T20:00,18.0,21,0.00,0.00
2025-05-20T21:00,15.8,26,0.00,0.00
2025-05-20T22:00,14.2,45,0.00,0.00
2025-05-20T23:00,12.7,49,0.00,0.00
2025-05-21T00:00,12.0,49,0.00,0.00
2025-05-21T01:00,11.3,48,0.00,0.00
2025-05-21T02:00,10.5,47,0.00,0.00
2025-05-21T03:00,10.0,40,0.00,0.00
2025-05-21T04:00,9.4,40,0.00,0.00
2025-05-21T05:00,8.7,41,0.00,0.00
2025-05-21T06:00,7.9,48,0.00,0.00
2025-05-21T07:00,9.6,50,0.00,0.00
2025-05-21T08:00,12.6,38,0.00,0.00
2025-05-21T09:00,14.7,37,0.00,0.00
2025-05-21T10:00,16.9,34,0.00,0.00
2025-05-21T11:00,18.8,30,0.00,0.00
2025-05-21T12:00,19.9,27,0.00,0.00
2025-05-21T13:00,21.0,24,0.00,0.00
2025-05-21T14:00,21.7,23,0.00,0.00
2025-05-21T15:00,22.2,19,0.00,0.00
2025-05-21T16:00,22.3,19,0.00,0.00
2025-05-21T17:00,21.9,18,0.00,0.00
2025-05-21T18:00,21.5,18,0.00,0.00
2025-05-21T19:00,20.0,20,0.00,0.00
2025-05-21T20:00,17.5,24,0.00,0.00
2025-05-21T21:00,15.9,28,0.00,0.00
2025-05-21T22:00,15.5,32,0.00,0.00
2025-05-21T23:00,15.1,30,0.00,0.00
2025-05-22T00:00,14.5,29,0.00,0.00
2025-05-22T01:00,13.5,30,0.00,0.00
2025-05-22T02:00,12.6,30,0.00,0.00
2025-05-22T03:00,12.6,34,0.00,0.00
2025-05-22T04:00,11.5,36,0.00,0.00
2025-05-22T05:00,11.1,38,0.00,0.00
2025-05-22T06:00,10.7,40,0.00,0.00
2025-05-22T07:00,11.5,40,0.00,0.00
2025-05-22T08:00,14.4,35,0.00,0.00
2025-05-22T09:00,18.2,26,0.00,0.00
2025-05-22T10:00,20.3,25,0.00,0.00
2025-05-22T11:00,21.9,22,0.00,0.00
2025-05-22T12:00,22.9,20,0.00,0.00
2025-05-22T13:00,23.9,20,0.00,0.00
2025-05-22T14:00,24.6,19,0.00,0.00
2025-05-22T15:00,24.9,18,0.00,0.00
2025-05-22T16:00,24.9,18,0.00,0.00
2025-05-22T17:00,24.5,18,0.00,0.00
2025-05-22T18:00,24.1,18,0.00,0.00
2025-05-22T19:00,23.0,18,0.00,0.00
2025-05-22T20:00,20.4,22,0.00,0.00
2025-05-22T21:00,19.0,27,0.00,0.00
2025-05-22T22:00,18.8,29,0.00,0.00
2025-05-22T23:00,18.0,30,0.00,0.00
2025-05-23T00:00,17.9,31,0.00,0.00
2025-05-23T01:00,16.8,33,0.00,0.00
2025-05-23T02:00,15.6,35,0.00,0.00
2025-05-23T03:00,15.7,37,0.00,0.00
2025-05-23T04:00,15.0,37,0.00,0.00
2025-05-23T05:00,13.7,40,0.00,0.00
2025-05-23T06:00,13.0,43,0.00,0.00
2025-05-23T07:00,14.3,44,0.00,0.00
2025-05-23T08:00,17.6,35,0.00,0.00
2025-05-23T09:00,20.9,29,0.00,0.00
2025-05-23T10:00,23.2,24,0.00,0.00
2025-05-23T11:00,25.0,22,0.00,0.00
2025-05-23T12:00,25.9,20,0.00,0.00
2025-05-23T13:00,26.8,20,0.00,0.00
2025-05-23T14:00,27.2,18,0.00,0.00
2025-05-23T15:00,27.5,17,0.00,0.00
2025-05-23T16:00,27.4,18,0.00,0.00
2025-05-23T17:00,26.9,19,0.00,0.00
2025-05-23T18:00,26.2,19,0.00,0.00
2025-05-23T19:00,25.1,19,0.00,0.00
2025-05-23T20:00,22.8,24,0.00,0.00
2025-05-23T21:00,22.0,29,0.00,0.00
2025-05-23T22:00,21.0,27,0.00,0.00
2025-05-23T23:00,18.4,31,0.00,0.00
2025-05-24T00:00,17.5,33,0.00,0.00
2025-05-24T01:00,15.8,38,0.00,0.00
2025-05-24T02:00,16.3,37,0.00,0.00
2025-05-24T03:00,15.5,39,0.00,0.00
2025-05-24T04:00,14.6,44,0.00,0.00
2025-05-24T05:00,13.1,49,0.00,0.00
2025-05-24T06:00,12.7,52,0.00,0.00
2025-05-24T07:00,14.9,51,0.00,0.00
2025-05-24T08:00,19.5,40,0.00,0.00
2025-05-24T09:00,22.3,30,0.00,0.00
2025-05-24T10:00,24.5,23,0.00,0.00
2025-05-24T11:00,26.3,20,0.00,0.00
2025-05-24T12:00,27.6,19,0.00,0.00
2025-05-24T13:00,28.5,19,0.00,0.00
2025-05-24T14:00,29.0,18,0.00,0.00
2025-05-24T15:00,29.2,16,0.00,0.00
2025-05-24T16:00,29.0,15,0.00,0.00
2025-05-24T17:00,28.3,15,0.00,0.00
2025-05-24T18:00,26.9,23,0.00,0.00
2025-05-24T19:00,25.2,26,0.00,0.00
2025-05-24T20:00,23.1,32,0.00,0.00
2025-05-24T21:00,21.1,36,0.00,0.00
2025-05-24T22:00,20.2,39,0.00,0.00
2025-05-24T23:00,19.7,42,0.00,0.00
2025-05-25T00:00,18.6,46,0.00,0.00
2025-05-25T01:00,17.4,51,0.00,0.00
2025-05-25T02:00,16.5,55,0.00,0.00
2025-05-25T03:00,15.9,59,0.00,0.00
2025-05-25T04:00,15.2,63,0.00,0.00
2025-05-25T05:00,14.7,66,0.00,0.00
2025-05-25T06:00,14.7,67,0.00,0.00
2025-05-25T07:00,16.4,64,0.00,0.00
2025-05-25T08:00,19.4,53,0.00,0.00
2025-05-25T09:00,21.8,47,0.00,0.00
2025-05-25T10:00,24.2,40,0.00,0.00
2025-05-25T11:00,26.3,31,0.00,0.00
2025-05-25T12:00,27.8,26,0.00,0.00
2025-05-25T13:00,29.0,21,0.00,0.00
2025-05-25T14:00,29.7,19,0.00,0.00
2025-05-25T15:00,30.1,17,0.00,0.00
2025-05-25T16:00,30.0,16,0.00,0.00
2025-05-25T17:00,29.5,16,0.00,0.00
2025-05-25T18:00,28.9,15,0.00,0.00
2025-05-25T19:00,27.6,19,0.00,0.00
2025-05-25T20:00,25.1,23,0.00,0.00
2025-05-25T21:00,23.8,26,0.00,0.00
2025-05-25T22:00,22.5,30,0.00,0.00
2025-05-25T23:00,21.9,32,0.00,0.00
2025-05-26T00:00,21.0,33,0.00,0.00
2025-05-26T01:00,19.1,35,0.00,0.00
2025-05-26T02:00,18.0,36,0.00,0.00
2025-05-26T03:00,17.6,37,0.00,0.00
2025-05-26T04:00,18.3,38,0.00,0.00
2025-05-26T05:00,18.7,37,0.00,0.00
2025-05-26T06:00,18.7,37,0.00,0.00
2025-05-26T07:00,19.7,38,0.00,0.00
2025-05-26T08:00,21.7,34,0.00,0.00
2025-05-26T09:00,22.8,34,0.00,0.00
2025-05-26T10:00,23.7,34,0.00,0.00
2025-05-26T11:00,24.3,32,0.00,0.00
2025-05-26T12:00,22.3,41,0.10,0.00
2025-05-26T13:00,23.3,39,0.00,0.00
2025-05-26T14:00,25.4,32,0.00,0.00
2025-05-26T15:00,27.2,27,0.00,0.00
2025-05-26T16:00,27.7,26,0.00,0.00
2025-05-26T17:00,26.5,26,0.00,0.00
2025-05-26T18:00,24.8,34,0.00,0.00
2025-05-26T19:00,23.1,36,0.00,0.00
2025-05-26T20:00,21.1,46,0.00,0.00
2025-05-26T21:00,19.6,55,0.00,0.00
2025-05-26T22:00,18.2,60,0.00,0.00
2025-05-26T23:00,17.3,63,0.00,0.00
2025-05-27T00:00,16.7,64,0.00,0.00
2025-05-27T01:00,16.5,64,0.00,0.00
2025-05-27T02:00,16.3,65,0.00,0.00
2025-05-27T03:00,16.3,68,0.00,0.00
2025-05-27T04:00,16.2,70,0.00,0.00
2025-05-27T05:00,15.6,72,0.00,0.00
2025-05-27T06:00,15.7,70,0.00,0.00
2025-05-27T07:00,17.4,64,0.00,0.00
2025-05-27T08:00,19.2,55,0.00,0.00
2025-05-27T09:00,20.7,51,0.00,0.00
2025-05-27T10:00,22.9,44,0.00,0.00
2025-05-27T11:00,25.2,35,0.00,0.00
2025-05-27T12:00,26.2,28,0.00,0.00
2025-05-27T13:00,27.2,24,0.00,0.00
2025-05-27T14:00,27.7,21,0.00,0.00
2025-05-27T15:00,28.0,20,0.00,0.00
2025-05-27T16:00,27.5,21,0.00,0.00
2025-05-27T17:00,26.4,25,0.00,0.00
2025-05-27T18:00,24.9,32,0.00,0.00
2025-05-27T19:00,22.7,46,0.00,0.00
2025-05-27T20:00,20.1,64,0.00,0.00
2025-05-27T21:00,18.1,77,0.00,0.00
2025-05-27T22:00,17.0,83,0.00,0.00
2025-05-27T23:00,16.4,84,0.00,0.00
2025-05-28T00:00,15.7,85,0.00,0.00
2025-05-28T01:00,14.8,87,0.00,0.00
2025-05-28T02:00,13.9,89,0.00,0.00
2025-05-28T03:00,13.2,90,0.00,0.00
2025-05-28T04:00,12.5,91,0.00,0.00
2025-05-28T05:00,12.0,91,0.00,0.00
2025-05-28T06:00,11.9,90,0.00,0.00
2025-05-28T07:00,12.5,86,0.00,0.00
2025-05-28T08:00,13.6,81,0.00,0.00
2025-05-28T09:00,14.7,76,0.00,0.00
2025-05-28T10:00,15.9,71,0.00,0.00
2025-05-28T11:00,17.2,65,0.00,0.00
2025-05-28T12:00,18.5,60,0.00,0.00
2025-05-28T13:00,19.7,55,0.00,0.00
2025-05-28T14:00,20.9,51,0.00,0.00
2025-05-28T15:00,21.6,48,0.00,0.00
2025-05-28T16:00,21.8,46,0.00,0.00
2025-05-28T17:00,21.6,46,0.00,0.00
2025-05-28T18:00,20.9,48,0.00,0.00
2025-05-28T19:00,19.5,53,0.00,0.00
2025-05-28T20:00,17.6,61,0.00,0.00
2025-05-28T21:00,15.9,68,0.00,0.00
2025-05-28T22:00,14.7,74,0.00,0.00
2025-05-28T23:00,13.7,79,0.00,0.00
2025-05-29T00:00,13.0,83,0.00,0.00
2025-05-29T01:00,12.4,86,0.00,0.00
2025-05-29T02:00,12.0,88,0.00,0.00
2025-05-29T03:00,11.6,90,0.00,0.00
2025-05-29T04:00,11.2,92,0.00,0.00
2025-05-29T05:00,10.8,93,0.00,0.00
2025-05-29T06:00,10.9,92,0.00,0.00
2025-05-29T07:00,12.0,86,0.00,0.00
2025-05-29T08:00,13.7,77,0.00,0.00
2025-05-29T09:00,14.9,70,0.00,0.00
2025-05-29T10:00,15.9,64,0.00,0.00
2025-05-29T11:00,17.5,56,0.00,0.00
2025-05-29T12:00,18.8,50,0.00,0.00
2025-05-29T13:00,19.7,46,0.00,0.00
2025-05-29T14:00,20.1,44,0.00,0.00
2025-05-29T15:00,20.3,42,0.00,0.00
2025-05-29T16:00,20.2,40,0.00,0.00
2025-05-29T17:00,19.7,40,0.00,0.00
2025-05-29T18:00,19.0,41,0.00,0.00
2025-05-29T19:00,18.0,46,0.00,0.00
2025-05-29T20:00,16.7,53,0.00,0.00
2025-05-29T21:00,15.5,61,0.00,0.00
2025-05-29T22:00,14.4,69,0.00,0.00
2025-05-29T23:00,13.3,78,0.00,0.00
2025-05-30T00:00,12.4,85,0.00,0.00
2025-05-30T01:00,11.9,88,0.00,0.00
2025-05-30T02:00,11.6,88,0.00,0.00
2025-05-30T03:00,11.3,88,0.00,0.00
2025-05-30T04:00,10.9,89,0.00,0.00
2025-05-30T05:00,10.4,90,0.00,0.00
2025-05-30T06:00,10.4,89,0.00,0.00
2025-05-30T07:00,10.9,85,0.00,0.00
2025-05-30T08:00,11.8,79,0.00,0.00
2025-05-30T09:00,12.8,73,0.00,0.00
2025-05-30T10:00,14.1,66,0.00,0.00
2025-05-30T11:00,15.6,58,0.00,0.00
2025-05-30T12:00,16.9,51,0.00,0.00
2025-05-30T13:00,17.9,45,0.00,0.00
2025-05-30T14:00,18.8,41,0.00,0.00
2025-05-30T15:00,19.3,37,0.00,0.00
2025-05-30T16:00,19.5,34,0.00,0.00
2025-05-30T17:00,19.5,31,0.00,0.00
2025-05-30T18:00,18.9,33,0.00,0.00
2025-05-30T19:00,17.7,41,0.00,0.00
2025-05-30T20:00,16.0,53,0.00,0.00
2025-05-30T21:00,14.6,63,0.00,0.00
2025-05-30T22:00,13.6,69,0.00,0.00
2025-05-30T23:00,12.8,73,0.00,0.00
2025-05-31T00:00,12.0,76,0.00,0.00
2025-05-31T01:00,11.3,79,0.00,0.00
2025-05-31T02:00,10.7,80,0.00,0.00
2025-05-31T03:00,10.2,82,0.00,0.00
2025-05-31T04:00,9.6,84,0.00,0.00
2025-05-31T05:00,9.1,86,0.00,0.00
2025-05-31T06:00,9.4,85,0.00,0.00
2025-05-31T07:00,10.9,80,0.00,0.00
2025-05-31T08:00,13.2,72,0.00,0.00
2025-05-31T09:00,15.3,64,0.00,0.00
2025-05-31T10:00,17.1,56,0.00,0.00
2025-05-31T11:00,18.7,49,0.00,0.00
2025-05-31T12:00,19.3,47,0.00,0.00
2025-05-31T13:00,18.1,54,0.00,0.00
2025-05-31T14:00,16.0,65,0.00,0.00
2025-05-31T15:00,14.4,74,0.00,0.00
2025-05-31T16:00,21.3,43,0.00,0.00
2025-05-31T17:00,17.8,60,0.00,0.00
2025-05-31T18:00,15.0,74,0.00,0.00
2025-05-31T19:00,13.4,82,0.00,0.00
2025-05-31T20:00,12.5,88,0.00,0.00
2025-05-31T21:00,12.0,91,0.00,0.00
2025-05-31T22:00,11.9,91,0.00,0.00
2025-05-31T23:00,12.2,88,0.00,0.00
2025-06-01T00:00,12.3,87,0.00,0.00
2025-06-01T01:00,11.8,89,0.00,0.00
2025-06-01T02:00,11.0,93,0.00,0.00
2025-06-01T03:00,10.6,95,0.00,0.00
2025-06-01T04:00,10.5,96,0.00,0.00
2025-06-01T05:00,10.6,96,0.00,0.00
2025-06-01T06:00,11.3,93,0.00,0.00
2025-06-01T07:00,12.7,85,0.00,0.00
2025-06-01T08:00,14.5,74,0.00,0.00
2025-06-01T09:00,16.2,63,0.00,0.00
2025-06-01T10:00,17.4,52,0.00,0.00
2025-06-01T11:00,18.5,42,0.00,0.00
2025-06-01T12:00,19.3,35,0.00,0.00
2025-06-01T13:00,19.9,33,0.00,0.00
2025-06-01T14:00,20.2,36,0.00,0.00
2025-06-01T15:00,19.9,40,0.00,0.00
2025-06-01T16:00,18.5,48,0.10,0.00
2025-06-01T17:00,16.5,58,0.10,0.00
2025-06-01T18:00,14.8,66,0.10,0.00
2025-06-01T19:00,13.6,70,0.00,0.00
2025-06-01T20:00,12.8,72,0.00,0.00
2025-06-01T21:00,12.2,73,0.00,0.00
2025-06-01T22:00,11.9,73,0.00,0.00
2025-06-01T23:00,11.8,73,0.00,0.00
2025-06-02T00:00,11.6,73,0.00,0.00
2025-06-02T01:00,11.1,75,0.00,0.00
2025-06-02T02:00,10.5,77,0.00,0.00
2025-06-02T03:00,10.2,78,0.00,0.00
2025-06-02T04:00,10.0,79,0.00,0.00
2025-06-02T05:00,10.1,79,0.00,0.00
2025-06-02T06:00,10.7,77,0.00,0.00
2025-06-02T07:00,12.2,72,0.00,0.00
2025-06-02T08:00,14.4,64,0.00,0.00
2025-06-02T09:00,16.4,57,0.00,0.00
2025-06-02T10:00,18.1,52,0.00,0.00
2025-06-02T11:00,19.7,47,0.00,0.00
2025-06-02T12:00,21.0,43,0.00,0.00
2025-06-02T13:00,21.8,40,0.00,0.00
2025-06-02T14:00,22.2,38,0.00,0.00
2025-06-02T15:00,22.2,38,0.00,0.00
2025-06-02T16:00,21.4,42,0.00,0.00
2025-06-02T17:00,20.1,48,0.00,0.00
2025-06-02T18:00,18.9,54,0.00,0.00
2025-06-02T19:00,18.0,57,0.00,0.00
2025-06-02T20:00,17.1,60,0.00,0.00
2025-06-02T21:00,16.3,63,0.00,0.00
2025-06-02T22:00,15.3,68,0.00,0.00
2025-06-02T23:00,14.2,74,0.00,0.00
2025-06-03T00:00,13.4,78,0.00,0.00
2025-06-03T01:00,12.9,81,0.00,0.00
2025-06-03T02:00,12.7,82,0.00,0.00
2025-06-03T03:00,12.5,83,0.00,0.00
2025-06-03T04:00,12.1,85,0.00,0.00
2025-06-03T05:00,11.8,86,0.00,0.00
2025-06-03T06:00,12.2,85,0.00,0.00
2025-06-03T07:00,13.7,79,0.00,0.00
2025-06-03T08:00,15.9,70,0.00,0.00
2025-06-03T09:00,17.9,61,0.00,0.00
2025-06-03T10:00,19.5,54,0.00,0.00
2025-06-03T11:00,20.9,48,0.00,0.00
2025-06-03T12:00,22.2,42,0.00,0.00
2025-06-03T13:00,23.4,36,0.00,0.00
2025-06-03T14:00,24.4,32,0.00,0.00
2025-06-03T15:00,24.8,30,0.00,0.00
2025-06-03T16:00,24.3,34,0.00,0.00
2025-06-03T17:00,23.1,41,0.00,0.00
2025-06-03T18:00,21.8,48,0.00,0.00
2025-06-03T19:00,20.3,55,0.00,0.00
2025-06-03T20:00,18.6,62,0.00,0.00
2025-06-03T21:00,17.1,69,0.00,0.00
2025-06-03T22:00,15.6,75,0.00,0.00
2025-06-03T23:00,14.3,79,0.00,0.00
2025-06-04T00:00,13.2,83,0.00,0.00
2025-06-04T01:00,12.3,85,0.00,0.00
2025-06-04T02:00,11.7,87,0.00,0.00
2025-06-04T03:00,11.3,88,0.00,0.00
2025-06-04T04:00,11.0,90,0.00,0.00
2025-06-04T05:00,10.9,92,0.00,0.00
2025-06-04T06:00,11.3,90,0.00,0.00
2025-06-04T07:00,12.3,82,0.00,0.00
2025-06-04T08:00,13.7,71,0.00,0.00
2025-06-04T09:00,15.1,61,0.00,0.00
2025-06-04T10:00,16.4,54,0.00,0.00
2025-06-04T11:00,17.6,49,0.00,0.00
2025-06-04T12:00,18.5,45,0.00,0.00
2025-06-04T13:00,18.8,42,0.00,0.00
2025-06-04T14:00,18.8,41,0.00,0.00
2025-06-04T15:00,18.7,40,0.00,0.00
2025-06-04T16:00,18.5,40,0.00,0.00
2025-06-04T17:00,18.2,41,0.00,0.00
2025-06-04T18:00,17.7,43,0.00,0.00
2025-06-04T19:00,16.9,46,0.00,0.00
2025-06-04T20:00,15.9,51,0.00,0.00
2025-06-04T21:00,14.8,56,0.00,0.00
2025-06-04T22:00,13.4,63,0.00,0.00
2025-06-04T23:00,11.9,71,0.00,0.00
2025-06-05T00:00,10.8,77,0.00,0.00
2025-06-05T01:00,10.2,80,0.00,0.00
2025-06-05T02:00,9.9,82,0.00,0.00
2025-06-05T03:00,9.9,82,0.00,0.00
2025-06-05T04:00,9.9,82,0.00,0.00
2025-06-05T05:00,10.1,80,0.00,0.00
2025-06-05T06:00,10.8,77,0.00,0.00
2025-06-05T07:00,12.4,70,0.00,0.00
2025-06-05T08:00,14.5,61,0.00,0.00
2025-06-05T09:00,16.5,53,0.00,0.00
2025-06-05T10:00,18.0,48,0.00,0.00
2025-06-05T11:00,19.4,45,0.00,0.00
2025-06-05T12:00,20.6,42,0.00,0.00
2025-06-05T13:00,21.6,39,0.00,0.00
2025-06-05T14:00,22.4,37,0.00,0.00
2025-06-05T15:00,22.7,36,0.00,0.00
2025-06-05T16:00,22.3,37,0.00,0.00
2025-06-05T17:00,21.5,40,0.00,0.00
2025-06-05T18:00,20.5,44,0.00,0.00
2025-06-05T19:00,19.1,50,0.00,0.00
2025-06-05T20:00,17.4,57,0.00,0.00
2025-06-05T21:00,16.0,63,0.00,0.00
2025-06-05T22:00,14.9,68,0.00,0.00
2025-06-05T23:00,14.0,71,0.00,0.00
2025-06-06T00:00,13.4,74,0.00,0.00
2025-06-06T01:00,13.0,76,0.00,0.00
2025-06-06T02:00,12.8,78,0.00,0.00
2025-06-06T03:00,12.8,78,0.00,0.00
2025-06-06T04:00,12.7,78,0.00,0.00
2025-06-06T05:00,12.8,77,0.00,0.00
2025-06-06T06:00,13.5,74,0.00,0.00
2025-06-06T07:00,15.0,69,0.00,0.00
2025-06-06T08:00,17.1,62,0.00,0.00
2025-06-06T09:00,19.0,55,0.00,0.00
2025-06-06T10:00,20.4,49,0.00,0.00
2025-06-06T11:00,21.5,44,0.00,0.00
2025-06-06T12:00,22.5,40,0.00,0.00
2025-06-06T13:00,23.3,36,0.00,0.00
2025-06-06T14:00,23.9,33,0.00,0.00
2025-06-06T15:00,24.2,31,0.00,0.00
2025-06-06T16:00,24.0,30,0.00,0.00
2025-06-06T17:00,23.4,30,0.00,0.00
2025-06-06T18:00,22.4,32,0.00,0.00
2025-06-06T19:00,20.7,37,0.00,0.00
2025-06-06T20:00,18.6,45,0.00,0.00
2025-06-06T21:00,16.9,51,0.00,0.00
2025-06-06T22:00,15.7,54,0.00,0.00
2025-06-06T23:00,14.8,57,0.00,0.00
2025-06-07T00:00,14.1,59,0.00,0.00
2025-06-07T01:00,13.4,62,0.00,0.00
2025-06-07T02:00,12.9,65,0.00,0.00
2025-06-07T03:00,12.7,68,0.00,0.00
2025-06-07T04:00,12.6,70,0.00,0.00
2025-06-07T05:00,12.7,72,0.00,0.00
2025-06-07T06:00,13.4,71,0.00,0.00
2025-06-07T07:00,14.8,66,0.00,0.00
2025-06-07T08:00,16.8,59,0.00,0.00
2025-06-07T09:00,18.6,53,0.00,0.00
2025-06-07T10:00,20.0,49,0.00,0.00
2025-06-07T11:00,21.3,47,0.00,0.00
2025-06-07T12:00,22.5,44,0.00,0.00
2025-06-07T13:00,23.5,41,0.00,0.00
2025-06-07T14:00,24.3,39,0.00,0.00
2025-06-07T15:00,24.8,37,0.00,0.00
2025-06-07T16:00,24.9,36,0.00,0.00
2025-06-07T17:00,24.7,35,0.00,0.00
2025-06-07T18:00,23.9,38,0.00,0.00
2025-06-07T19:00,22.0,46,0.00,0.00
2025-06-07T20:00,19.4,56,0.00,0.00
2025-06-07T21:00,17.4,65,0.00,0.00
2025-06-07T22:00,16.3,69,0.00,0.00
2025-06-07T23:00,15.8,72,0.00,0.00
2025-06-08T00:00,15.3,74,0.00,0.00
2025-06-08T01:00,14.7,77,0.00,0.00
2025-06-08T02:00,14.3,79,0.00,0.00
2025-06-08T03:00,14.0,81,0.00,0.00
2025-06-08T04:00,13.7,82,0.00,0.00
2025-06-08T05:00,13.6,83,0.00,0.00
2025-06-08T06:00,14.1,81,0.00,0.00
2025-06-08T07:00,15.5,75,0.00,0.00
2025-06-08T08:00,17.4,68,0.00,0.00
2025-06-08T09:00,19.3,60,0.00,0.00
2025-06-08T10:00,20.8,53,0.00,0.00
2025-06-08T11:00,22.2,47,0.00,0.00
2025-06-08T12:00,23.4,42,0.00,0.00
2025-06-08T13:00,24.3,38,0.00,0.00
2025-06-08T14:00,25.1,36,0.00,0.00
2025-06-08T15:00,25.5,35,0.00,0.00
2025-06-08T16:00,25.6,35,0.00,0.00
2025-06-08T17:00,25.3,36,0.00,0.00
2025-06-08T18:00,24.4,40,0.00,0.00
2025-06-08T19:00,22.4,48,0.00,0.00
2025-06-08T20:00,19.8,59,0.00,0.00
2025-06-08T21:00,17.7,67,0.00,0.00
2025-06-08T22:00,16.7,70,0.00,0.00
2025-06-08T23:00,16.2,71,0.00,0.00

time,daylight_duration (s),sunset (iso8601),sunrise (iso8601)
2025-02-21,39615.38,2025-02-21T18:23,2025-02-21T07:23
2025-02-22,39762.89,2025-02-22T18:24,2025-02-22T07:22
2025-02-23,39911.36,2025-02-23T18:25,2025-02-23T07:20
2025-02-24,40060.64,2025-02-24T18:27,2025-02-24T07:19
2025-02-25,40210.63,2025-02-25T18:28,2025-02-25T07:17
2025-02-26,40361.20,2025-02-26T18:29,2025-02-26T07:16
2025-02-27,40512.22,2025-02-27T18:30,2025-02-27T07:14
2025-02-28,40663.57,2025-02-28T18:31,2025-02-28T07:13
2025-03-01,40815.16,2025-03-01T18:32,2025-03-01T07:12
2025-03-02,40966.84,2025-03-02T18:33,2025-03-02T07:10
2025-03-03,41118.52,2025-03-03T18:34,2025-03-03T07:09
2025-03-04,41270.07,2025-03-04T18:35,2025-03-04T07:07
2025-03-05,41421.38,2025-03-05T18:36,2025-03-05T07:06
2025-03-06,41572.34,2025-03-06T18:37,2025-03-06T07:04
2025-03-07,41722.84,2025-03-07T18:38,2025-03-07T07:03
2025-03-08,41872.89,2025-03-08T18:39,2025-03-08T07:01
2025-03-09,42023.60,2025-03-09T18:40,2025-03-09T07:00
2025-03-10,42175.20,2025-03-10T18:41,2025-03-10T06:58
2025-03-11,42327.57,2025-03-11T18:42,2025-03-11T06:57
2025-03-12,42480.61,2025-03-12T18:43,2025-03-12T06:55
2025-03-13,42634.23,2025-03-13T18:44,2025-03-13T06:54
2025-03-14,42788.33,2025-03-14T18:45,2025-03-14T06:52
2025-03-15,42942.80,2025-03-15T18:46,2025-03-15T06:50
2025-03-16,43097.55,2025-03-16T18:47,2025-03-16T06:49
2025-03-17,43252.46,2025-03-17T18:48,2025-03-17T06:47
2025-03-18,43407.46,2025-03-18T18:49,2025-03-18T06:46
2025-03-19,43562.44,2025-03-19T18:50,2025-03-19T06:44
2025-03-20,43717.29,2025-03-20T18:51,2025-03-20T06:43
2025-03-21,43871.92,2025-03-21T18:52,2025-03-21T06:41
2025-03-22,44026.23,2025-03-22T18:53,2025-03-22T06:39
2025-03-23,44180.12,2025-03-23T18:54,2025-03-23T06:38
2025-03-24,44333.50,2025-03-24T18:55,2025-03-24T06:36
2025-03-25,44486.25,2025-03-25T18:56,2025-03-25T06:35
2025-03-26,44638.28,2025-03-26T18:57,2025-03-26T06:33
2025-03-27,44789.48,2025-03-27T18:58,2025-03-27T06:31
2025-03-28,44939.86,2025-03-28T18:59,2025-03-28T06:30
2025-03-29,45090.46,2025-03-29T19:00,2025-03-29T06:28
2025-03-30,45241.46,2025-03-30T19:01,2025-03-30T06:27
2025-03-31,45392.80,2025-03-31T19:02,2025-03-31T06:25
2025-04-01,45544.38,2025-04-01T19:03,2025-04-01T06:24
2025-04-02,45696.09,2025-04-02T19:04,2025-04-02T06:22
2025-04-03,45847.85,2025-04-03T19:05,2025-04-03T06:21
2025-04-04,45999.55,2025-04-04T19:06,2025-04-04T06:19
2025-04-05,46151.11,2025-04-05T19:07,2025-04-05T06:18
2025-04-06,46302.43,2025-04-06T19:08,2025-04-06T06:16
2025-04-07,46453.40,2025-04-07T19:09,2025-04-07T06:14
2025-04-08,46603.93,2025-04-08T19:10,2025-04-08T06:13
2025-04-09,46753.91,2025-04-09T19:11,2025-04-09T06:11
2025-04-10,46903.25,2025-04-10T19:12,2025-04-10T06:10
2025-04-11,47051.84,2025-04-11T19:13,2025-04-11T06:08
2025-04-12,47199.56,2025-04-12T19:14,2025-04-12T06:07
2025-04-13,47346.32,2025-04-13T19:15,2025-04-13T06:05
2025-04-14,47492.00,2025-04-14T19:15,2025-04-14T06:04
2025-04-15,47636.49,2025-04-15T19:16,2025-04-15T06:02
2025-04-16,47779.68,2025-04-16T19:17,2025-04-16T06:01
2025-04-17,47921.54,2025-04-17T19:18,2025-04-17T06:00
2025-04-18,48063.09,2025-04-18T19:19,2025-04-18T05:58
2025-04-19,48204.51,2025-04-19T19:20,2025-04-19T05:57
2025-04-20,48345.71,2025-04-20T19:21,2025-04-20T05:55
2025-04-21,48486.59,2025-04-21T19:22,2025-04-21T05:54
2025-04-22,48627.04,2025-04-22T19:23,2025-04-22T05:53
2025-04-23,48766.95,2025-04-23T19:24,2025-04-23T05:51
2025-04-24,48906.21,2025-04-24T19:25,2025-04-24T05:50
2025-04-25,49044.73,2025-04-25T19:26,2025-04-25T05:49
2025-04-26,49182.38,2025-04-26T19:27,2025-04-26T05:47
2025-04-27,49319.05,2025-04-27T19:28,2025-04-27T05:46
2025-04-28,49454.62,2025-04-28T19:29,2025-04-28T05:45
2025-04-29,49588.98,2025-04-29T19:30,2025-04-29T05:44
2025-04-30,49722.00,2025-04-30T19:31,2025-04-30T05:42
2025-05-01,49853.55,2025-05-01T19:32,2025-05-01T05:41
2025-05-02,49983.53,2025-05-02T19:33,2025-05-02T05:40
2025-05-03,50111.78,2025-05-03T19:34,2025-05-03T05:39
2025-05-04,50238.17,2025-05-04T19:35,2025-05-04T05:38
2025-05-05,50362.59,2025-05-05T19:36,2025-05-05T05:36
2025-05-06,50484.87,2025-05-06T19:37,2025-05-06T05:35
2025-05-07,50605.00,2025-05-07T19:38,2025-05-07T05:34
2025-05-08,50723.88,2025-05-08T19:39,2025-05-08T05:33
2025-05-09,50841.68,2025-05-09T19:40,2025-05-09T05:32
2025-05-10,50958.30,2025-05-10T19:41,2025-05-10T05:31
2025-05-11,51073.64,2025-05-11T19:42,2025-05-11T05:30
2025-05-12,51187.58,2025-05-12T19:42,2025-05-12T05:29
2025-05-13,51300.02,2025-05-13T19:43,2025-05-13T05:28
2025-05-14,51410.83,2025-05-14T19:44,2025-05-14T05:27
2025-05-15,51519.91,2025-05-15T19:45,2025-05-15T05:27
2025-05-16,51627.14,2025-05-16T19:46,2025-05-16T05:26
2025-05-17,51732.38,2025-05-17T19:47,2025-05-17T05:25
2025-05-18,51835.54,2025-05-18T19:48,2025-05-18T05:24
2025-05-19,51936.48,2025-05-19T19:49,2025-05-19T05:23
2025-05-20,52035.07,2025-05-20T19:50,2025-05-20T05:22
2025-05-21,52131.20,2025-05-21T19:51,2025-05-21T05:22
2025-05-22,52224.74,2025-05-22T19:51,2025-05-22T05:21
2025-05-23,52315.54,2025-05-23T19:52,2025-05-23T05:20
2025-05-24,52403.49,2025-05-24T19:53,2025-05-24T05:20
2025-05-25,52488.45,2025-05-25T19:54,2025-05-25T05:19
2025-05-26,52570.29,2025-05-26T19:55,2025-05-26T05:18
2025-05-27,52648.94,2025-05-27T19:55,2025-05-27T05:18
2025-05-28,52725.05,2025-05-28T19:56,2025-05-28T05:17
2025-05-29,52798.73,2025-05-29T19:57,2025-05-29T05:17
2025-05-30,52869.93,2025-05-30T19:58,2025-05-30T05:16
2025-05-31,52938.55,2025-05-31T19:58,2025-05-31T05:16
2025-06-01,53004.54,2025-06-01T19:59,2025-06-01T05:16
2025-06-02,53067.80,2025-06-02T20:00,2025-06-02T05:15
2025-06-03,53128.29,2025-06-03T20:00,2025-06-03T05:15
2025-06-04,53185.91,2025-06-04T20:01,2025-06-04T05:15
2025-06-05,53240.58,2025-06-05T20:02,2025-06-05T05:14
2025-06-06,53292.26,2025-06-06T20:02,2025-06-06T05:14
2025-06-07,53340.85,2025-06-07T20:03,2025-06-07T05:14
2025-06-08,53386.29,2025-06-08T20:04,2025-06-08T05:14
